INSERT INTO Patient (Patient_ID, First_Name, Middle_Name, Last_Name, Gender, Birth_Date, Contact_Number, Email, Address) VALUES
('P00000', 'Michael', 'Laura', 'Johnson', 'Female', '1942-02-27', '(426)301-7477x0', 'michelle40@example.com', '041 Nguyen Stream Apt. 757, Lake Kimton, NE 05480'),
('P00001', 'Leslie', 'Tommy', 'Travis', 'Female', '1992-05-27', '+1-747-858-3968', 'tamara50@example.com', 'USNS Glover, FPO AA 27481'),
('P00002', 'Suzanne', 'John', 'Booth', 'Other', '1959-05-17', '211-267-6157', 'danielswilliam@example.net', '51768 Green Lake, North Patrick, VT 27210'),
('P00003', 'Lisa', 'Deborah', 'Weeks', 'Male', '1944-12-09', '+1-675-801-1829', 'catherine48@example.com', '4411 Zachary Gardens, Mitchelltown, NH 04746'),
('P00004', 'Abigail', 'Amanda', 'Wood', 'Female', '2018-01-28', '(389)649-8855x5', 'kgilbert@example.net', '7203 Clark Track, Kimberlyfurt, AS 60640'),
('P00005', 'Elizabeth', 'Andrew', 'Andrews', 'Male', '2006-02-28', '728.850.0201', 'sarahanderson@example.com', '04735 Williams Creek, Port Mariafort, FL 04230'),
('P00006', 'Wayne', 'Brandon', 'Maldonado', 'Other', '1947-04-28', '480.907.7639', 'christopherkim@example.com', '2899 Vincent Row Apt. 111, South Jordanview, NE 64447'),
('P00007', 'Julie', 'Christina', 'Howard', 'Female', '2017-01-16', '+1-446-855-0571', 'rachelallen@example.net', '0918 Randolph Freeway Suite 123, East Davidborough, ID 97376'),
('P00008', 'Erin', 'Nicole', 'Mckenzie', 'Other', '1959-07-08', '(296)228-1127', 'hahnbrandi@example.org', '30536 Gibson Parkway, Garciatown, TN 77627'),
('P00009', 'Justin', 'Taylor', 'Adams', 'Female', '1942-07-15', '(808)759-0805x5', 'jaguilar@example.net', 'Unit 3935 Box 4086, DPO AE 86105'),
('P00010', 'Tyler', 'Karen', 'Anderson', 'Other', '2021-04-07', '665.212.5776x75', 'andrea50@example.org', '27315 Rivera Heights, Kathytown, AK 57487'),
('P00011', 'Henry', 'James', 'Stark', 'Female', '1998-04-09', '460.636.6992x64', 'nancycook@example.org', '18224 Boyd Hill Apt. 710, Moodyborough, WV 34090'),
('P00012', 'Lauren', 'Cynthia', 'Johnson', 'Female', '1974-01-12', '829.734.6616x82', 'richardberg@example.net', '236 Jessica Spur Suite 123, Samuelville, OR 65527'),
('P00013', 'Brittany', 'Crystal', 'Johnson', 'Other', '1959-04-20', '622-542-3898x67', 'scottwhite@example.net', '22641 Michael Corner, Autumnchester, CT 16287'),
('P00014', 'Eduardo', 'Jeffrey', 'Rodriguez', 'Other', '1995-02-14', '+1-473-412-7163', 'christopher21@example.org', '923 Hunt Isle Apt. 524, Rodriguezton, TX 52595'),
('P00015', 'Jennifer', 'Chelsea', 'Davis', 'Male', '1952-03-19', '287.201.0201', 'kennedyclaudia@example.net', '722 Brian Rest Apt. 648, Kingmouth, MT 79828'),
('P00016', 'Leslie', 'Micheal', 'Hernandez', 'Female', '1958-04-25', '892.243.3308x05', 'andrew96@example.com', '1359 Deborah Land, South Benjaminberg, NV 27184'),
('P00017', 'Michael', 'Joseph', 'Webb', 'Other', '1985-05-27', '997.929.5268x06', 'jason84@example.net', '6091 Amanda Valley, Lake Alicia, ND 13525'),
('P00018', 'Jack', 'Brandon', 'Rodriguez', 'Male', '1969-04-27', '2876676921', 'ntaylor@example.com', '498 Jeffrey Common, Contrerasberg, CT 99605'),
('P00019', 'Robert', 'Nicole', 'Stevens', 'Male', '2019-02-16', '+1-989-800-0974', 'shannonprice@example.org', '3556 Andrew Spring Suite 321, North Crystal, ND 92142'),
('P00020', 'Sarah', 'Michael', 'Gordon', 'Female', '1990-07-09', '(551)941-1838x3', 'gregory47@example.net', '1905 Travis Run Suite 278, New Jared, IL 90399'),
('P00021', 'Sherry', 'Christine', 'Nielsen', 'Female', '1993-11-07', '285.573.2836', 'jwiley@example.net', '9445 Andrew Squares Suite 506, Toniborough, ID 20508'),
('P00022', 'Michael', 'Juan', 'Santos', 'Female', '1973-11-06', '(497)625-3273x7', 'thomasbobby@example.net', '481 Collins Plains, Clineshire, KS 71895'),
('P00023', 'Brenda', 'Rodney', 'Griffin', 'Male', '1998-06-10', '4467610811', 'petersonteresa@example.net', '53304 Berry Wall, Rogersville, MP 21827'),
('P00024', 'Anthony', 'Joseph', 'Miller', 'Female', '1948-04-23', '001-478-555-429', 'hensleyjohn@example.net', '439 Cruz Garden, Nielsentown, AK 56748'),
('P00025', 'Megan', 'Leah', 'Weber', 'Female', '1977-11-21', '507-800-5869x64', 'stokesrobert@example.net', '4734 Katrina Mall, West Samuel, CT 85537'),
('P00026', 'Henry', 'Michelle', 'Hill', 'Female', '2000-05-15', '(330)250-7911x3', 'bryanjackson@example.com', '509 Maria Course, Ryanhaven, MA 20346'),
('P00027', 'Shelly', 'Sydney', 'Cook', 'Other', '1999-05-05', '(990)276-9354x4', 'brownisabella@example.com', '6543 Brenda Field Suite 936, Adamsside, NE 11248'),
('P00028', 'Margaret', 'Christina', 'Kramer', 'Male', '1951-03-27', '+1-834-879-4446', 'jeffrey09@example.com', '66453 Mary Rue, Flynnborough, ME 11451'),
('P00029', 'Isaac', 'Michele', 'Reyes', 'Female', '1980-01-08', '+1-379-724-9514', 'chad27@example.net', 'Unit 0029 Box 4393, DPO AA 39475'),
('P00030', 'Victoria', 'Rodney', 'Juarez', 'Male', '1998-10-20', '236-341-3483x51', 'ostark@example.com', '5417 Michelle Lodge, Lake Jean, GU 18713'),
('P00031', 'Christopher', 'Cole', 'Hodge', 'Male', '1982-12-01', '275.248.5957', 'ellisfrancisco@example.org', '6716 Hart Mountains Apt. 316, Kellyshire, OR 37804'),
('P00032', 'Jessica', 'Willie', 'Pham', 'Female', '1944-10-11', '001-754-262-314', 'oabbott@example.com', 'PSC 7854, Box 8550, APO AE 69627'),
('P00033', 'Nathan', 'Heather', 'Simmons', 'Other', '2003-06-04', '(661)548-9138x9', 'smithbobby@example.org', '43875 Dylan Lodge, North Joseph, LA 46932'),
('P00034', 'Kathleen', 'Evan', 'Bennett', 'Female', '1947-11-17', '2747906947', 'robin07@example.net', '7991 Guerrero Isle Suite 889, Watersport, FM 15231'),
('P00035', 'Daniel', 'Alyssa', 'Hall', 'Other', '1941-05-15', '245.612.3575x63', 'tschultz@example.com', '6521 Ward Keys, Trevorhaven, WV 66979'),
('P00036', 'Jared', 'Jeffrey', 'Love', 'Male', '1970-06-04', '692.820.1447x44', 'johnsonshelley@example.net', '737 Schroeder Glens Apt. 151, Woodstown, FL 51799'),
('P00037', 'Phyllis', 'Juan', 'Martinez', 'Female', '1997-08-06', '+1-640-874-7360', 'vargaskatie@example.org', '5304 Howell Falls Apt. 217, Woodardmouth, NV 55685'),
('P00038', 'Hannah', 'Erica', 'Crawford', 'Female', '2017-01-24', '778-526-1336', 'ruizsarah@example.com', '4454 James Skyway, Ericstad, ND 76407'),
('P00039', 'Jennifer', 'Adam', 'Coleman', 'Male', '1939-09-17', '001-408-562-006', 'wporter@example.net', '97659 Jasmine Rest, East Ryanland, HI 87745'),
('P00040', 'Jessica', 'Eugene', 'Johnson', 'Other', '2005-12-04', '4639420179', 'whester@example.org', '61011 Jeffrey Hollow, Martinton, AR 20877'),
('P00041', 'Philip', 'Christina', 'Wright', 'Male', '2020-12-30', '6597523364', 'ojones@example.net', '7027 Moore Harbor, Gonzalezhaven, MA 68475'),
('P00042', 'Jesse', 'Sarah', 'Kirby', 'Female', '1974-06-09', '6439165718', 'djohnson@example.net', '76934 Wagner Way, Davidchester, OH 69639'),
('P00043', 'Maria', 'Christopher', 'Harris', 'Male', '1939-08-30', '(982)789-1982x1', 'alexabowen@example.net', '052 Lewis Club, East Teresabury, PA 17796'),
('P00044', 'Amy', 'Tyrone', 'Kelly', 'Female', '1949-11-24', '795.589.4782x46', 'joseph43@example.com', '8251 Olson Wells, New Branditon, SC 21923'),
('P00045', 'Amanda', 'Jesse', 'Tucker', 'Male', '1996-03-27', '(886)385-5863', 'christine51@example.com', '90628 Jennifer Cliffs Apt. 564, South Sethchester, MS 95664'),
('P00046', 'John', 'Luis', 'Benton', 'Female', '2010-10-20', '472.794.9008x10', 'julian12@example.org', '20347 Faith Harbor Apt. 339, North Jeremiahfort, NM 24781'),
('P00047', 'Justin', 'Amanda', 'Harrison', 'Female', '1948-06-27', '672-786-4689x95', 'xbrown@example.com', '14217 Steven Harbor Apt. 803, Lake Susantown, NH 99843'),
('P00048', 'Stephen', 'Michael', 'Smith', 'Male', '2010-07-20', '299.399.7809x95', 'dianasalazar@example.net', '19690 Green Port, West Malikville, WV 96973'),
('P00049', 'Lawrence', 'Rachel', 'Wilson', 'Male', '1997-01-03', '914-252-7054x30', 'gregorylawson@example.net', '34427 Bernard Islands, Martinbury, WV 52244'),
('P00050', 'Katherine', 'Tiffany', 'Ortiz', 'Other', '1936-07-21', '541.377.7972', 'vdavis@example.com', '712 Rocha Square Apt. 836, Rebeccatown, SC 53618'),
('P00051', 'Monica', 'Amber', 'Wolfe', 'Other', '2009-12-30', '528.913.6717x26', 'sarias@example.com', '8991 Nancy Turnpike, South Codychester, KS 81564'),
('P00052', 'Marie', 'Joshua', 'Mckinney', 'Male', '2014-09-16', '(820)586-7319', 'nicholsjo@example.com', '925 Edwards Fort, New Kaylashire, AK 27528'),
('P00053', 'Steven', 'Jacqueline', 'Davis', 'Female', '1988-08-22', '001-386-340-510', 'josephpoole@example.net', '3571 Alice Crossroad Suite 992, Robbinsmouth, VI 30662'),
('P00054', 'Gloria', 'Tina', 'Duran', 'Female', '1955-05-29', '001-937-256-921', 'susanmckay@example.com', '32313 Carter Mountains Apt. 525, New Traceyland, MD 51398'),
('P00055', 'Theresa', 'Kathleen', 'Huber', 'Female', '1954-07-29', '001-907-862-385', 'mckinneystephen@example.org', '2712 Wilson Island Apt. 817, Bryantburgh, PA 76724'),
('P00056', 'Frederick', 'Carol', 'Pugh', 'Female', '1970-01-30', '612-686-3336x76', 'dburton@example.com', '155 Christopher Overpass Suite 332, Smithstad, DC 44127'),
('P00057', 'Christine', 'Brittany', 'Walker', 'Other', '1964-04-08', '537-218-6779', 'jasmine97@example.net', 'USNV Edwards, FPO AP 40193'),
('P00058', 'Andrew', 'Charlotte', 'Smith', 'Female', '1947-10-06', '967-870-8306x33', 'carrethan@example.net', '035 Vasquez Curve Suite 087, Daleland, CA 61334'),
('P00059', 'Suzanne', 'Tammy', 'Parker', 'Male', '1989-10-27', '(878)694-0088', 'walkerheather@example.org', '97474 Anderson Street Suite 987, South Sarahport, MT 50188'),
('P00060', 'Brenda', 'Kayla', 'Le', 'Male', '1938-11-30', '+1-483-870-9147', 'lopezandrew@example.com', '67582 Klein Ford, East Brianmouth, NC 68422'),
('P00061', 'Cynthia', 'Bradley', 'Barnes', 'Other', '2008-01-29', '+1-735-413-7625', 'albertlyons@example.org', '208 Cheryl Keys Apt. 634, Evansland, SC 84593'),
('P00062', 'Leah', 'Dana', 'Williams', 'Other', '2008-08-04', '4469369968', 'piercecharles@example.net', '360 Roger Extensions, Walkerhaven, VA 63326'),
('P00063', 'Andrea', 'Suzanne', 'Perry', 'Female', '1947-05-06', '(249)774-5494x1', 'paul30@example.org', '74397 Mcintosh Islands, East Charlesmouth, ND 01176'),
('P00064', 'Rhonda', 'Nicolas', 'Russell', 'Female', '1945-05-15', '364.722.8540', 'glevine@example.com', '139 Catherine Mountains Apt. 335, West Kayla, HI 33906'),
('P00065', 'David', 'Luis', 'Glenn', 'Female', '1970-08-16', '001-712-561-661', 'penaalexa@example.org', '8663 Justin Pike, Erikmouth, AL 14560'),
('P00066', 'Alisha', 'Brittany', 'Brown', 'Female', '1982-10-27', '492-214-8439x98', 'charles96@example.net', '758 Nancy Key Suite 652, Carrieburgh, MA 42830'),
('P00067', 'Beverly', 'Rebecca', 'Anderson', 'Other', '1958-04-05', '001-818-321-969', 'william37@example.com', '82841 Richard Estate, Dianaville, AZ 05606'),
('P00068', 'Katelyn', 'Tina', 'Jones', 'Female', '1985-06-09', '785.641.5677x02', 'kyork@example.net', '89384 Wheeler Rue Apt. 076, North Robertmouth, MN 96106'),
('P00069', 'Savannah', 'Heidi', 'Stewart', 'Female', '1961-08-10', '729-999-2681x72', 'eric99@example.net', '4072 Newman Dam, East Tammy, VI 35532'),
('P00070', 'Sharon', 'Gary', 'Marquez', 'Female', '1957-08-27', '+1-663-444-8342', 'browningjustin@example.org', '988 Derek Grove, Martinhaven, AL 16127'),
('P00071', 'Janice', 'Derek', 'Miller', 'Male', '1951-12-25', '001-444-526-761', 'whitemichael@example.com', '415 Ray Cliffs Apt. 177, West Stevenmouth, VA 49889'),
('P00072', 'Laura', 'Angela', 'Miller', 'Other', '1951-01-15', '001-333-252-805', 'vwest@example.com', 'USNS Cooke, FPO AA 78967'),
('P00073', 'Elizabeth', 'Hailey', 'Ball', 'Other', '1984-08-26', '001-615-474-042', 'tony40@example.com', '088 James Club Apt. 561, Parkertown, AZ 54923'),
('P00074', 'Misty', 'Joseph', 'Johnson', 'Male', '1962-09-07', '628-970-6393x32', 'nicholas14@example.com', 'USS Sims, FPO AP 86990'),
('P00075', 'Kristen', 'Jill', 'Lewis', 'Male', '1953-08-10', '941.822.7174x80', 'meganmoody@example.net', '1708 Kelly Unions Suite 006, Mossmouth, TX 77636'),
('P00076', 'Eric', 'Clayton', 'Duke', 'Female', '2009-05-16', '248.616.0266', 'lisa06@example.com', '89673 Carol Land Apt. 372, Lynchbury, IL 49284'),
('P00077', 'Elizabeth', 'Jody', 'Pierce', 'Male', '1938-04-05', '+1-823-711-8850', 'garzasarah@example.org', 'USS Miller, FPO AE 78015'),
('P00078', 'Shane', 'Brett', 'Wade', 'Male', '2010-09-26', '754-571-6137x46', 'alexanderdavid@example.net', '619 Alyssa Locks, Lake Michaelview, NE 13176'),
('P00079', 'Heather', 'Anne', 'Hartman', 'Female', '1950-09-22', '001-522-853-237', 'vbrown@example.com', '1263 Bryant Inlet Apt. 730, Lake Brianport, WY 62606'),
('P00080', 'Lori', 'Jennifer', 'Combs', 'Male', '1941-06-02', '+1-333-279-2628', 'cthompson@example.net', '750 Malone Island, Chrishaven, PW 31976'),
('P00081', 'Christine', 'Eileen', 'Morris', 'Female', '1987-05-28', '001-853-725-653', 'zbrown@example.net', '369 Stokes Oval, Smithchester, KY 00518'),
('P00082', 'Phillip', 'Melissa', 'Thompson', 'Other', '1971-04-30', '(297)306-2854', 'adam61@example.com', '974 Meyer Trail, Moranchester, WI 52519'),
('P00083', 'Zachary', 'Allison', 'Jones', 'Other', '1942-09-17', '319.464.8388x03', 'andersonlaurie@example.net', '7476 Thomas Views Suite 664, Crossside, KY 31941'),
('P00084', 'Vincent', 'Willie', 'Frost', 'Male', '2020-02-25', '366.980.6613x97', 'john13@example.com', '58544 Diane Corner Apt. 285, Antonioburgh, MS 78016'),
('P00085', 'Pamela', 'Anthony', 'White', 'Male', '1979-07-28', '619-734-6629', 'tayloramanda@example.com', '5057 Stacey Branch Apt. 216, Alfredtown, OH 35244'),
('P00086', 'Kelly', 'Sierra', 'Potter', 'Female', '2006-09-26', '001-577-396-245', 'inichols@example.org', '074 Julie Track, East Lindsey, MS 80992'),
('P00087', 'Rachel', 'Matthew', 'Garcia', 'Female', '2001-01-16', '(415)770-2845', 'sparksjeremy@example.com', 'USCGC Carroll, FPO AA 99094'),
('P00088', 'Peter', 'Amanda', 'Roth', 'Male', '1960-01-04', '001-717-582-709', 'mary64@example.org', '54947 Gould Rue Apt. 573, South Kelli, VT 97703'),
('P00089', 'Cindy', 'Vincent', 'Crawford', 'Other', '1997-09-24', '+1-921-274-9288', 'williamsstephanie@example.net', '7484 Foley Hollow Suite 860, Erictown, OH 90010'),
('P00090', 'Donald', 'Jennifer', 'Nguyen', 'Male', '1957-09-06', '+1-275-459-4964', 'gregory15@example.org', '46435 Greene Ranch Suite 923, West Michael, WI 30859'),
('P00091', 'Natasha', 'Jason', 'Harrison', 'Male', '2024-03-31', '857-222-1093x34', 'jonesarthur@example.org', '7224 Watson Villages Suite 230, North Darlene, KY 61591'),
('P00092', 'Colin', 'Larry', 'Nelson', 'Female', '2022-07-28', '428.539.3148x89', 'megandixon@example.org', '099 Wilson Ways, Davisside, WI 42822'),
('P00093', 'Stephanie', 'Cindy', 'Price', 'Other', '1985-09-23', '835.723.9344x95', 'amanda35@example.com', '42141 Justin Avenue Suite 465, Marcialand, AL 32123'),
('P00094', 'Anthony', 'Sabrina', 'Thomas', 'Other', '1985-09-24', '+1-287-299-2944', 'mthomas@example.com', 'Unit 5057 Box 2371, DPO AA 48860'),
('P00095', 'Robert', 'Misty', 'Hernandez', 'Female', '2021-07-10', '001-868-955-886', 'zgardner@example.com', 'Unit 6582 Box 5348, DPO AP 86309'),
('P00096', 'John', 'Christine', 'Rhodes', 'Other', '1971-03-02', '968-385-6175x88', 'jeffreymason@example.net', '815 Quinn Shores, Evansside, UT 98861'),
('P00097', 'Travis', 'Todd', 'Martin', 'Female', '2016-08-31', '+1-235-887-0123', 'larry46@example.com', '6960 Debra Overpass, West Aliciatown, ND 72157'),
('P00098', 'Jaime', 'Ian', 'Anthony', 'Female', '2023-01-03', '576.578.6552x47', 'campbellvickie@example.org', 'Unit 0742 Box 6673, DPO AA 05386'),
('P00099', 'Bryan', 'Emily', 'Rodriguez', 'Other', '1950-09-13', '001-758-983-481', 'stephen32@example.com', '775 Linda Harbors, Amandamouth, UT 96636');

INSERT INTO Appointment (Appointment_ID, Patient_ID, Schedule, Status) VALUES
('A00000', 'P00038', '2025-04-29 10:52:54', 'Scheduled'),
('A00001', 'P00067', '2025-05-17 13:44:54', 'Scheduled'),
('A00002', 'P00024', '2025-05-08 17:09:54', 'Scheduled'),
('A00003', 'P00092', '2025-05-19 16:44:54', 'Scheduled'),
('A00004', 'P00036', '2025-06-02 12:41:54', 'Cancelled'),
('A00005', 'P00056', '2025-05-21 04:06:54', 'Cancelled'),
('A00006', 'P00013', '2025-05-18 19:58:54', 'Scheduled'),
('A00007', 'P00038', '2025-05-11 12:46:54', 'Cancelled'),
('A00008', 'P00011', '2025-05-26 19:51:54', 'Scheduled'),
('A00009', 'P00043', '2025-04-25 07:20:54', 'Completed'),
('A00010', 'P00013', '2025-05-17 03:12:54', 'Scheduled'),
('A00011', 'P00072', '2025-05-10 19:31:54', 'Completed'),
('A00012', 'P00057', '2025-05-29 21:12:54', 'Cancelled'),
('A00013', 'P00036', '2025-05-20 07:04:54', 'Cancelled'),
('A00014', 'P00060', '2025-04-30 22:10:54', 'Completed'),
('A00015', 'P00014', '2025-04-26 09:13:54', 'Completed'),
('A00016', 'P00065', '2025-05-22 17:56:54', 'Completed'),
('A00017', 'P00035', '2025-05-13 15:39:54', 'Scheduled'),
('A00018', 'P00046', '2025-04-29 05:17:54', 'Cancelled'),
('A00019', 'P00055', '2025-05-06 16:56:54', 'Scheduled'),
('A00020', 'P00011', '2025-05-30 03:09:54', 'Scheduled'),
('A00021', 'P00055', '2025-05-10 16:39:54', 'Cancelled'),
('A00022', 'P00046', '2025-05-28 19:54:54', 'Scheduled'),
('A00023', 'P00042', '2025-06-01 18:57:54', 'Scheduled'),
('A00024', 'P00031', '2025-05-04 22:42:54', 'Scheduled'),
('A00025', 'P00017', '2025-05-11 03:35:54', 'Scheduled'),
('A00026', 'P00021', '2025-05-31 09:06:54', 'Completed'),
('A00027', 'P00033', '2025-05-04 15:38:54', 'Scheduled'),
('A00028', 'P00055', '2025-05-31 12:58:54', 'Completed'),
('A00029', 'P00095', '2025-06-01 01:53:54', 'Scheduled'),
('A00030', 'P00007', '2025-05-06 18:53:54', 'Scheduled'),
('A00031', 'P00063', '2025-05-17 19:24:54', 'Completed'),
('A00032', 'P00001', '2025-05-19 10:43:54', 'Cancelled'),
('A00033', 'P00046', '2025-05-15 21:41:54', 'Cancelled'),
('A00034', 'P00056', '2025-05-20 18:03:54', 'Completed'),
('A00035', 'P00021', '2025-04-25 09:49:54', 'Scheduled'),
('A00036', 'P00055', '2025-05-09 19:37:54', 'Cancelled'),
('A00037', 'P00089', '2025-05-04 00:56:54', 'Completed'),
('A00038', 'P00016', '2025-05-07 19:08:54', 'Completed'),
('A00039', 'P00065', '2025-05-24 10:40:54', 'Completed'),
('A00040', 'P00067', '2025-06-01 14:48:54', 'Completed'),
('A00041', 'P00026', '2025-04-27 07:31:54', 'Completed'),
('A00042', 'P00075', '2025-05-09 17:18:54', 'Cancelled'),
('A00043', 'P00070', '2025-05-28 22:07:54', 'Completed'),
('A00044', 'P00090', '2025-05-16 08:39:54', 'Scheduled'),
('A00045', 'P00069', '2025-05-16 12:35:54', 'Cancelled'),
('A00046', 'P00024', '2025-05-03 06:49:54', 'Completed'),
('A00047', 'P00017', '2025-06-01 11:58:54', 'Cancelled'),
('A00048', 'P00023', '2025-05-01 18:06:54', 'Scheduled'),
('A00049', 'P00011', '2025-04-26 08:49:54', 'Scheduled'),
('A00050', 'P00090', '2025-05-08 06:10:54', 'Scheduled'),
('A00051', 'P00040', '2025-05-22 21:53:54', 'Scheduled'),
('A00052', 'P00024', '2025-05-10 00:24:54', 'Scheduled'),
('A00053', 'P00084', '2025-05-28 00:54:54', 'Scheduled'),
('A00054', 'P00089', '2025-06-01 02:21:54', 'Completed'),
('A00055', 'P00050', '2025-05-17 16:08:54', 'Cancelled'),
('A00056', 'P00019', '2025-04-30 20:34:54', 'Cancelled'),
('A00057', 'P00069', '2025-06-04 03:27:54', 'Completed'),
('A00058', 'P00060', '2025-05-31 06:31:54', 'Completed'),
('A00059', 'P00098', '2025-05-28 14:58:54', 'Completed'),
('A00060', 'P00082', '2025-04-25 00:31:54', 'Cancelled'),
('A00061', 'P00021', '2025-05-23 07:27:54', 'Cancelled'),
('A00062', 'P00025', '2025-05-03 22:29:54', 'Scheduled'),
('A00063', 'P00095', '2025-05-17 21:15:54', 'Scheduled'),
('A00064', 'P00061', '2025-05-19 00:07:54', 'Completed'),
('A00065', 'P00026', '2025-05-04 22:35:54', 'Completed'),
('A00066', 'P00049', '2025-05-06 03:25:54', 'Cancelled'),
('A00067', 'P00042', '2025-06-04 11:42:54', 'Scheduled'),
('A00068', 'P00091', '2025-05-03 07:10:54', 'Cancelled'),
('A00069', 'P00064', '2025-05-16 18:21:54', 'Scheduled'),
('A00070', 'P00080', '2025-05-19 01:17:54', 'Cancelled'),
('A00071', 'P00038', '2025-05-30 07:02:54', 'Scheduled'),
('A00072', 'P00070', '2025-05-21 10:29:54', 'Cancelled'),
('A00073', 'P00005', '2025-05-06 10:49:54', 'Scheduled'),
('A00074', 'P00064', '2025-04-30 23:32:54', 'Cancelled'),
('A00075', 'P00049', '2025-05-08 07:21:54', 'Cancelled'),
('A00076', 'P00047', '2025-04-29 03:26:54', 'Cancelled'),
('A00077', 'P00011', '2025-06-01 05:35:54', 'Cancelled'),
('A00078', 'P00095', '2025-05-18 15:17:54', 'Cancelled'),
('A00079', 'P00000', '2025-05-25 00:27:54', 'Completed'),
('A00080', 'P00093', '2025-05-31 03:24:54', 'Cancelled'),
('A00081', 'P00003', '2025-05-09 09:12:54', 'Scheduled'),
('A00082', 'P00080', '2025-05-25 11:47:54', 'Completed'),
('A00083', 'P00088', '2025-05-27 23:06:54', 'Scheduled'),
('A00084', 'P00066', '2025-05-24 05:35:54', 'Cancelled'),
('A00085', 'P00071', '2025-05-06 14:06:54', 'Completed'),
('A00086', 'P00005', '2025-05-07 16:40:54', 'Cancelled'),
('A00087', 'P00042', '2025-05-28 09:42:54', 'Completed'),
('A00088', 'P00036', '2025-06-01 08:37:54', 'Completed'),
('A00089', 'P00036', '2025-05-29 20:18:54', 'Completed'),
('A00090', 'P00011', '2025-06-04 05:21:54', 'Cancelled'),
('A00091', 'P00058', '2025-05-12 07:52:54', 'Scheduled'),
('A00092', 'P00076', '2025-05-04 22:53:54', 'Scheduled'),
('A00093', 'P00005', '2025-05-10 08:02:54', 'Cancelled'),
('A00094', 'P00007', '2025-05-31 23:13:54', 'Cancelled'),
('A00095', 'P00062', '2025-05-31 20:59:54', 'Scheduled'),
('A00096', 'P00052', '2025-05-09 00:55:54', 'Cancelled'),
('A00097', 'P00015', '2025-05-25 07:17:54', 'Scheduled'),
('A00098', 'P00051', '2025-04-27 09:43:54', 'Completed'),
('A00099', 'P00069', '2025-05-07 20:02:54', 'Scheduled');

INSERT INTO Treatment (Appointment_ID, Treatment_ID, Diagnosis, Cost, Treatment_Procedure, Treatment_Date_Time, Treatment_Status) VALUES
('A00000', '1', 'Periodontitis', '358.2692', 'Extraction', '2025-04-29 10:52:54', 'Canceled'),
('A00000', '2', 'Caries', '374.1398', 'Filling', '2025-04-29 12:52:54', 'Canceled'),
('A00001', '1', 'Periodontitis', '521.3084', 'Teeth Whitening', '2025-05-17 14:44:54', 'In-Progress'),
('A00001', '2', 'Caries', '696.1914', 'Root Canal', '2025-05-17 13:44:54', 'Canceled'),
('A00002', '1', 'Gingivitis', '132.3465', 'Bridge', '2025-05-08 17:09:54', 'Waiting'),
('A00003', '1', 'Impacted Tooth', '349.9955', 'Implant', '2025-05-19 18:44:54', 'Completed'),
('A00003', '2', 'Abscess', '226.3473', 'Filling', '2025-05-19 18:44:54', 'Waiting'),
('A00004', '1', 'Tooth Sensitivity', '929.2621', 'Filling', '2025-06-02 12:41:54', 'In-Progress'),
('A00004', '2', 'Impacted Tooth', '810.1576', 'Root Canal', '2025-06-02 13:41:54', 'In-Progress'),
('A00004', '3', 'Impacted Tooth', '325.8781', 'Teeth Whitening', '2025-06-02 13:41:54', 'Completed'),
('A00005', '1', 'Caries', '199.4732', 'Root Canal', '2025-05-21 06:06:54', 'In-Progress'),
('A00005', '2', 'Periodontitis', '815.0351', 'Bridge', '2025-05-21 06:06:54', 'Waiting'),
('A00006', '1', 'Caries', '737.7753', 'Filling', '2025-05-18 21:58:54', 'Waiting'),
('A00006', '2', 'Tooth Sensitivity', '410.0687', 'Extraction', '2025-05-18 21:58:54', 'Waiting'),
('A00007', '1', 'Gingivitis', '962.1858', 'Crown', '2025-05-11 13:46:54', 'In-Progress'),
('A00007', '2', 'Caries', '751.8728', 'Cleaning', '2025-05-11 14:46:54', 'Waiting'),
('A00007', '3', 'Periodontitis', '955.5109', 'Filling', '2025-05-11 14:46:54', 'Waiting'),
('A00008', '1', 'Abscess', '589.2471', 'Filling', '2025-05-26 19:51:54', 'Canceled'),
('A00008', '2', 'Oral Ulcer', '612.3382', 'Implant', '2025-05-26 21:51:54', 'In-Progress'),
('A00008', '3', 'Abscess', '227.2617', 'Filling', '2025-05-26 19:51:54', 'Waiting'),
('A00009', '1', 'Impacted Tooth', '332.4628', 'Cleaning', '2025-04-25 08:20:54', 'Completed'),
('A00009', '2', 'Impacted Tooth', '717.4464', 'Bridge', '2025-04-25 09:20:54', 'Canceled'),
('A00009', '3', 'Gingivitis', '457.3688', 'Root Canal', '2025-04-25 09:20:54', 'Completed'),
('A00010', '1', 'Gingivitis', '950.6205', 'Extraction', '2025-05-17 05:12:54', 'Canceled'),
('A00010', '2', 'Gingivitis', '910.8792', 'Implant', '2025-05-17 04:12:54', 'In-Progress'),
('A00010', '3', 'Impacted Tooth', '604.3242', 'Bridge', '2025-05-17 03:12:54', 'Completed'),
('A00011', '1', 'Periodontitis', '445.433', 'Extraction', '2025-05-10 19:31:54', 'Canceled'),
('A00011', '2', 'Periodontitis', '577.9227', 'Crown', '2025-05-10 20:31:54', 'In-Progress'),
('A00012', '1', 'Caries', '420.966', 'Filling', '2025-05-29 22:12:54', 'Completed'),
('A00012', '2', 'Tooth Sensitivity', '960.7957', 'Root Canal', '2025-05-29 22:12:54', 'Canceled'),
('A00012', '3', 'Abscess', '280.5922', 'Extraction', '2025-05-29 23:12:54', 'Canceled'),
('A00013', '1', 'Tooth Sensitivity', '918.6803', 'Teeth Whitening', '2025-05-20 07:04:54', 'Completed'),
('A00013', '2', 'Impacted Tooth', '100.9264', 'Cleaning', '2025-05-20 07:04:54', 'Canceled'),
('A00013', '3', 'Caries', '473.2679', 'Root Canal', '2025-05-20 09:04:54', 'Waiting'),
('A00014', '1', 'Caries', '845.6151', 'Crown', '2025-04-30 22:10:54', 'Canceled'),
('A00014', '2', 'Periodontitis', '830.6356', 'Cleaning', '2025-04-30 23:10:54', 'Canceled'),
('A00014', '3', 'Impacted Tooth', '125.7668', 'Root Canal', '2025-05-01 00:10:54', 'In-Progress'),
('A00015', '1', 'Caries', '390.7825', 'Bridge', '2025-04-26 11:13:54', 'Canceled'),
('A00015', '2', 'Oral Ulcer', '216.6388', 'Root Canal', '2025-04-26 09:13:54', 'In-Progress'),
('A00016', '1', 'Abscess', '751.5881', 'Bridge', '2025-05-22 18:56:54', 'Canceled'),
('A00017', '1', 'Periodontitis', '806.8902', 'Teeth Whitening', '2025-05-13 17:39:54', 'Waiting'),
('A00017', '2', 'Tooth Sensitivity', '363.7566', 'Teeth Whitening', '2025-05-13 16:39:54', 'Canceled'),
('A00017', '3', 'Tooth Sensitivity', '159.5548', 'Filling', '2025-05-13 17:39:54', 'Completed'),
('A00018', '1', 'Caries', '746.2577', 'Filling', '2025-04-29 05:17:54', 'Waiting'),
('A00019', '1', 'Tooth Sensitivity', '736.485', 'Bridge', '2025-05-06 18:56:54', 'Canceled'),
('A00020', '1', 'Periodontitis', '160.6693', 'Root Canal', '2025-05-30 05:09:54', 'Waiting'),
('A00021', '1', 'Oral Ulcer', '774.1368', 'Filling', '2025-05-10 18:39:54', 'Completed'),
('A00021', '2', 'Impacted Tooth', '485.673', 'Filling', '2025-05-10 17:39:54', 'Waiting'),
('A00022', '1', 'Gingivitis', '688.2808', 'Filling', '2025-05-28 19:54:54', 'Waiting'),
('A00022', '2', 'Gingivitis', '485.236', 'Filling', '2025-05-28 20:54:54', 'Completed'),
('A00022', '3', 'Oral Ulcer', '745.8676', 'Implant', '2025-05-28 21:54:54', 'In-Progress'),
('A00023', '1', 'Oral Ulcer', '511.6864', 'Root Canal', '2025-06-01 20:57:54', 'Completed'),
('A00023', '2', 'Oral Ulcer', '491.7354', 'Crown', '2025-06-01 20:57:54', 'Waiting'),
('A00023', '3', 'Abscess', '982.1015', 'Implant', '2025-06-01 20:57:54', 'Completed'),
('A00024', '1', 'Oral Ulcer', '712.3296', 'Implant', '2025-05-04 22:42:54', 'In-Progress'),
('A00024', '2', 'Periodontitis', '165.3983', 'Extraction', '2025-05-04 23:42:54', 'Waiting'),
('A00025', '1', 'Caries', '521.193', 'Teeth Whitening', '2025-05-11 05:35:54', 'Canceled'),
('A00025', '2', 'Oral Ulcer', '262.6419', 'Crown', '2025-05-11 03:35:54', 'In-Progress'),
('A00026', '1', 'Tooth Sensitivity', '906.3068', 'Teeth Whitening', '2025-05-31 11:06:54', 'In-Progress'),
('A00026', '2', 'Gingivitis', '739.9762', 'Crown', '2025-05-31 11:06:54', 'In-Progress'),
('A00027', '1', 'Impacted Tooth', '751.0749', 'Implant', '2025-05-04 16:38:54', 'Waiting'),
('A00027', '2', 'Abscess', '655.2211', 'Bridge', '2025-05-04 16:38:54', 'Completed'),
('A00027', '3', 'Gingivitis', '399.151', 'Teeth Whitening', '2025-05-04 17:38:54', 'Waiting'),
('A00028', '1', 'Caries', '653.6422', 'Extraction', '2025-05-31 12:58:54', 'Canceled'),
('A00028', '2', 'Oral Ulcer', '505.1664', 'Teeth Whitening', '2025-05-31 14:58:54', 'Canceled'),
('A00029', '1', 'Oral Ulcer', '610.7926', 'Extraction', '2025-06-01 02:53:54', 'Completed'),
('A00029', '2', 'Gingivitis', '708.3199', 'Cleaning', '2025-06-01 02:53:54', 'Completed'),
('A00029', '3', 'Impacted Tooth', '801.007', 'Extraction', '2025-06-01 03:53:54', 'Completed'),
('A00030', '1', 'Abscess', '118.2204', 'Implant', '2025-05-06 18:53:54', 'Waiting'),
('A00030', '2', 'Oral Ulcer', '572.5265', 'Extraction', '2025-05-06 18:53:54', 'Completed'),
('A00030', '3', 'Caries', '288.9905', 'Bridge', '2025-05-06 20:53:54', 'Completed'),
('A00031', '1', 'Impacted Tooth', '897.9893', 'Teeth Whitening', '2025-05-17 21:24:54', 'Completed'),
('A00031', '2', 'Periodontitis', '397.0975', 'Bridge', '2025-05-17 21:24:54', 'Canceled'),
('A00031', '3', 'Oral Ulcer', '591.5442', 'Extraction', '2025-05-17 20:24:54', 'Completed'),
('A00032', '1', 'Caries', '604.7208', 'Cleaning', '2025-05-19 11:43:54', 'Canceled'),
('A00032', '2', 'Abscess', '849.7517', 'Bridge', '2025-05-19 12:43:54', 'Canceled'),
('A00032', '3', 'Impacted Tooth', '272.9686', 'Filling', '2025-05-19 10:43:54', 'Waiting'),
('A00033', '1', 'Oral Ulcer', '701.8513', 'Extraction', '2025-05-15 23:41:54', 'In-Progress'),
('A00034', '1', 'Gingivitis', '947.5464', 'Extraction', '2025-05-20 20:03:54', 'Waiting'),
('A00035', '1', 'Gingivitis', '768.7726', 'Bridge', '2025-04-25 11:49:54', 'Waiting'),
('A00035', '2', 'Impacted Tooth', '326.3376', 'Extraction', '2025-04-25 10:49:54', 'Completed'),
('A00036', '1', 'Tooth Sensitivity', '566.2038', 'Teeth Whitening', '2025-05-09 20:37:54', 'In-Progress'),
('A00036', '2', 'Impacted Tooth', '848.7988', 'Bridge', '2025-05-09 21:37:54', 'Completed'),
('A00036', '3', 'Tooth Sensitivity', '233.6808', 'Filling', '2025-05-09 19:37:54', 'Waiting'),
('A00037', '1', 'Oral Ulcer', '167.5734', 'Bridge', '2025-05-04 01:56:54', 'In-Progress'),
('A00038', '1', 'Gingivitis', '214.6848', 'Filling', '2025-05-07 20:08:54', 'Canceled'),
('A00038', '2', 'Gingivitis', '373.7929', 'Cleaning', '2025-05-07 21:08:54', 'Canceled'),
('A00038', '3', 'Abscess', '732.2249', 'Extraction', '2025-05-07 20:08:54', 'Waiting'),
('A00039', '1', 'Periodontitis', '299.8277', 'Root Canal', '2025-05-24 10:40:54', 'Completed'),
('A00040', '1', 'Periodontitis', '518.5922', 'Bridge', '2025-06-01 15:48:54', 'In-Progress'),
('A00040', '2', 'Caries', '927.842', 'Cleaning', '2025-06-01 16:48:54', 'Waiting'),
('A00040', '3', 'Gingivitis', '563.6559', 'Crown', '2025-06-01 16:48:54', 'In-Progress'),
('A00041', '1', 'Impacted Tooth', '490.5914', 'Teeth Whitening', '2025-04-27 08:31:54', 'Completed'),
('A00041', '2', 'Abscess', '583.256', 'Filling', '2025-04-27 09:31:54', 'Canceled'),
('A00042', '1', 'Caries', '946.3054', 'Teeth Whitening', '2025-05-09 18:18:54', 'Completed'),
('A00043', '1', 'Periodontitis', '694.9789', 'Bridge', '2025-05-29 00:07:54', 'Waiting'),
('A00044', '1', 'Abscess', '863.5244', 'Extraction', '2025-05-16 10:39:54', 'Waiting'),
('A00045', '1', 'Tooth Sensitivity', '588.6654', 'Bridge', '2025-05-16 12:35:54', 'Completed'),
('A00045', '2', 'Abscess', '434.6792', 'Extraction', '2025-05-16 12:35:54', 'In-Progress'),
('A00046', '1', 'Oral Ulcer', '203.7895', 'Teeth Whitening', '2025-05-03 06:49:54', 'In-Progress'),
('A00046', '2', 'Gingivitis', '316.6564', 'Filling', '2025-05-03 08:49:54', 'Waiting'),
('A00046', '3', 'Impacted Tooth', '906.1963', 'Teeth Whitening', '2025-05-03 06:49:54', 'Waiting'),
('A00047', '1', 'Caries', '767.8659', 'Bridge', '2025-06-01 11:58:54', 'Completed'),
('A00047', '2', 'Oral Ulcer', '176.0418', 'Crown', '2025-06-01 12:58:54', 'Completed'),
('A00048', '1', 'Gingivitis', '548.2047', 'Bridge', '2025-05-01 18:06:54', 'In-Progress'),
('A00049', '1', 'Impacted Tooth', '602.348', 'Extraction', '2025-04-26 10:49:54', 'In-Progress'),
('A00049', '2', 'Tooth Sensitivity', '999.3322', 'Extraction', '2025-04-26 09:49:54', 'Waiting'),
('A00050', '1', 'Caries', '745.4241', 'Teeth Whitening', '2025-05-08 08:10:54', 'Completed'),
('A00050', '2', 'Oral Ulcer', '231.6252', 'Filling', '2025-05-08 07:10:54', 'Waiting'),
('A00051', '1', 'Gingivitis', '148.7862', 'Cleaning', '2025-05-22 21:53:54', 'In-Progress'),
('A00052', '1', 'Oral Ulcer', '319.7681', 'Root Canal', '2025-05-10 01:24:54', 'In-Progress'),
('A00052', '2', 'Impacted Tooth', '872.1154', 'Filling', '2025-05-10 00:24:54', 'Canceled'),
('A00052', '3', 'Gingivitis', '256.6039', 'Filling', '2025-05-10 02:24:54', 'Canceled'),
('A00053', '1', 'Gingivitis', '488.0204', 'Extraction', '2025-05-28 02:54:54', 'Waiting'),
('A00053', '2', 'Periodontitis', '211.0568', 'Implant', '2025-05-28 00:54:54', 'Canceled'),
('A00054', '1', 'Caries', '113.5613', 'Root Canal', '2025-06-01 02:21:54', 'Completed'),
('A00055', '1', 'Periodontitis', '157.7975', 'Teeth Whitening', '2025-05-17 16:08:54', 'In-Progress'),
('A00055', '2', 'Gingivitis', '808.3978', 'Teeth Whitening', '2025-05-17 18:08:54', 'Waiting'),
('A00056', '1', 'Caries', '891.2589', 'Teeth Whitening', '2025-04-30 22:34:54', 'In-Progress'),
('A00056', '2', 'Gingivitis', '628.0138', 'Crown', '2025-04-30 22:34:54', 'Canceled'),
('A00056', '3', 'Impacted Tooth', '553.9418', 'Filling', '2025-04-30 22:34:54', 'Completed'),
('A00057', '1', 'Periodontitis', '297.4262', 'Implant', '2025-06-04 04:27:54', 'Waiting'),
('A00057', '2', 'Tooth Sensitivity', '416.6636', 'Root Canal', '2025-06-04 04:27:54', 'Canceled'),
('A00057', '3', 'Tooth Sensitivity', '864.2876', 'Bridge', '2025-06-04 05:27:54', 'Completed'),
('A00058', '1', 'Abscess', '164.8636', 'Extraction', '2025-05-31 06:31:54', 'In-Progress'),
('A00058', '2', 'Oral Ulcer', '509.0559', 'Crown', '2025-05-31 06:31:54', 'Completed'),
('A00058', '3', 'Tooth Sensitivity', '628.9777', 'Cleaning', '2025-05-31 07:31:54', 'Completed'),
('A00059', '1', 'Impacted Tooth', '976.1119', 'Extraction', '2025-05-28 16:58:54', 'Canceled'),
('A00059', '2', 'Caries', '194.7359', 'Implant', '2025-05-28 14:58:54', 'In-Progress'),
('A00059', '3', 'Impacted Tooth', '494.2729', 'Extraction', '2025-05-28 14:58:54', 'In-Progress'),
('A00060', '1', 'Abscess', '303.8605', 'Teeth Whitening', '2025-04-25 00:31:54', 'Canceled'),
('A00060', '2', 'Oral Ulcer', '827.011', 'Filling', '2025-04-25 02:31:54', 'In-Progress'),
('A00060', '3', 'Oral Ulcer', '513.1616', 'Extraction', '2025-04-25 00:31:54', 'Canceled'),
('A00061', '1', 'Tooth Sensitivity', '561.6449', 'Filling', '2025-05-23 08:27:54', 'Canceled'),
('A00061', '2', 'Periodontitis', '845.9662', 'Implant', '2025-05-23 07:27:54', 'Completed'),
('A00061', '3', 'Periodontitis', '141.5957', 'Implant', '2025-05-23 08:27:54', 'Waiting'),
('A00062', '1', 'Gingivitis', '479.2641', 'Extraction', '2025-05-03 22:29:54', 'In-Progress'),
('A00062', '2', 'Gingivitis', '864.9463', 'Crown', '2025-05-03 22:29:54', 'Waiting'),
('A00062', '3', 'Oral Ulcer', '622.0736', 'Filling', '2025-05-04 00:29:54', 'In-Progress'),
('A00063', '1', 'Tooth Sensitivity', '770.3979', 'Crown', '2025-05-17 23:15:54', 'In-Progress'),
('A00063', '2', 'Gingivitis', '985.1642', 'Filling', '2025-05-17 23:15:54', 'Canceled'),
('A00063', '3', 'Abscess', '924.312', 'Teeth Whitening', '2025-05-17 22:15:54', 'Completed'),
('A00064', '1', 'Periodontitis', '791.7596', 'Extraction', '2025-05-19 02:07:54', 'Canceled'),
('A00065', '1', 'Impacted Tooth', '908.0546', 'Crown', '2025-05-04 23:35:54', 'Completed'),
('A00065', '2', 'Abscess', '464.705', 'Teeth Whitening', '2025-05-04 22:35:54', 'In-Progress'),
('A00065', '3', 'Caries', '632.5423', 'Filling', '2025-05-04 22:35:54', 'Completed'),
('A00066', '1', 'Gingivitis', '455.7595', 'Root Canal', '2025-05-06 05:25:54', 'Completed'),
('A00067', '1', 'Gingivitis', '834.5304', 'Cleaning', '2025-06-04 11:42:54', 'Waiting'),
('A00067', '2', 'Tooth Sensitivity', '328.6949', 'Root Canal', '2025-06-04 11:42:54', 'Waiting'),
('A00068', '1', 'Impacted Tooth', '490.0943', 'Bridge', '2025-05-03 07:10:54', 'In-Progress'),
('A00068', '2', 'Periodontitis', '237.9078', 'Teeth Whitening', '2025-05-03 08:10:54', 'Completed'),
('A00069', '1', 'Caries', '601.8479', 'Filling', '2025-05-16 18:21:54', 'Waiting'),
('A00070', '1', 'Periodontitis', '831.0132', 'Extraction', '2025-05-19 01:17:54', 'In-Progress'),
('A00070', '2', 'Gingivitis', '109.9337', 'Implant', '2025-05-19 03:17:54', 'Waiting'),
('A00071', '1', 'Periodontitis', '925.1234', 'Filling', '2025-05-30 09:02:54', 'In-Progress'),
('A00071', '2', 'Impacted Tooth', '839.472', 'Extraction', '2025-05-30 07:02:54', 'Canceled'),
('A00071', '3', 'Tooth Sensitivity', '911.1155', 'Root Canal', '2025-05-30 08:02:54', 'Waiting'),
('A00072', '1', 'Impacted Tooth', '733.1343', 'Teeth Whitening', '2025-05-21 10:29:54', 'Completed'),
('A00072', '2', 'Abscess', '489.201', 'Crown', '2025-05-21 10:29:54', 'Waiting'),
('A00073', '1', 'Caries', '681.3111', 'Root Canal', '2025-05-06 12:49:54', 'In-Progress'),
('A00073', '2', 'Impacted Tooth', '816.2009', 'Root Canal', '2025-05-06 10:49:54', 'In-Progress'),
('A00073', '3', 'Periodontitis', '542.5877', 'Bridge', '2025-05-06 12:49:54', 'In-Progress'),
('A00074', '1', 'Periodontitis', '774.8983', 'Extraction', '2025-04-30 23:32:54', 'Waiting'),
('A00074', '2', 'Impacted Tooth', '841.621', 'Filling', '2025-05-01 01:32:54', 'Waiting'),
('A00074', '3', 'Caries', '368.003', 'Extraction', '2025-05-01 00:32:54', 'In-Progress'),
('A00075', '1', 'Abscess', '847.6032', 'Implant', '2025-05-08 07:21:54', 'Waiting'),
('A00076', '1', 'Oral Ulcer', '155.1093', 'Filling', '2025-04-29 04:26:54', 'Completed'),
('A00076', '2', 'Tooth Sensitivity', '680.9262', 'Implant', '2025-04-29 05:26:54', 'Waiting'),
('A00077', '1', 'Oral Ulcer', '756.783', 'Cleaning', '2025-06-01 06:35:54', 'Waiting'),
('A00077', '2', 'Gingivitis', '486.4486', 'Extraction', '2025-06-01 07:35:54', 'In-Progress'),
('A00078', '1', 'Tooth Sensitivity', '509.5331', 'Filling', '2025-05-18 17:17:54', 'In-Progress'),
('A00078', '2', 'Caries', '785.3355', 'Root Canal', '2025-05-18 17:17:54', 'Canceled'),
('A00079', '1', 'Gingivitis', '399.7002', 'Teeth Whitening', '2025-05-25 01:27:54', 'Canceled'),
('A00079', '2', 'Caries', '421.8686', 'Crown', '2025-05-25 01:27:54', 'Waiting'),
('A00079', '3', 'Impacted Tooth', '881.9144', 'Extraction', '2025-05-25 02:27:54', 'In-Progress'),
('A00080', '1', 'Caries', '441.0474', 'Extraction', '2025-05-31 04:24:54', 'Waiting'),
('A00080', '2', 'Impacted Tooth', '654.0356', 'Root Canal', '2025-05-31 05:24:54', 'Waiting'),
('A00081', '1', 'Impacted Tooth', '701.7584', 'Teeth Whitening', '2025-05-09 10:12:54', 'Waiting'),
('A00081', '2', 'Oral Ulcer', '144.6175', 'Cleaning', '2025-05-09 11:12:54', 'In-Progress'),
('A00081', '3', 'Periodontitis', '198.545', 'Teeth Whitening', '2025-05-09 11:12:54', 'In-Progress'),
('A00082', '1', 'Oral Ulcer', '958.171', 'Extraction', '2025-05-25 12:47:54', 'Waiting'),
('A00082', '2', 'Gingivitis', '780.3021', 'Extraction', '2025-05-25 11:47:54', 'Completed'),
('A00083', '1', 'Impacted Tooth', '103.2368', 'Teeth Whitening', '2025-05-28 01:06:54', 'Canceled'),
('A00083', '2', 'Tooth Sensitivity', '249.6738', 'Crown', '2025-05-28 00:06:54', 'In-Progress'),
('A00084', '1', 'Caries', '454.116', 'Teeth Whitening', '2025-05-24 05:35:54', 'Waiting'),
('A00084', '2', 'Gingivitis', '129.75', 'Filling', '2025-05-24 06:35:54', 'Completed'),
('A00084', '3', 'Gingivitis', '196.0593', 'Implant', '2025-05-24 07:35:54', 'In-Progress'),
('A00085', '1', 'Abscess', '378.0594', 'Cleaning', '2025-05-06 14:06:54', 'Waiting'),
('A00085', '2', 'Periodontitis', '401.084', 'Implant', '2025-05-06 14:06:54', 'Completed'),
('A00086', '1', 'Impacted Tooth', '947.0554', 'Bridge', '2025-05-07 18:40:54', 'Waiting'),
('A00087', '1', 'Abscess', '212.3329', 'Crown', '2025-05-28 10:42:54', 'Waiting'),
('A00088', '1', 'Oral Ulcer', '625.6819', 'Cleaning', '2025-06-01 10:37:54', 'Waiting'),
('A00088', '2', 'Tooth Sensitivity', '543.6591', 'Extraction', '2025-06-01 08:37:54', 'Waiting'),
('A00089', '1', 'Tooth Sensitivity', '936.6107', 'Implant', '2025-05-29 20:18:54', 'Completed'),
('A00090', '1', 'Periodontitis', '380.9803', 'Cleaning', '2025-06-04 07:21:54', 'Waiting'),
('A00091', '1', 'Abscess', '210.3561', 'Bridge', '2025-05-12 08:52:54', 'In-Progress'),
('A00092', '1', 'Caries', '480.163', 'Teeth Whitening', '2025-05-04 22:53:54', 'Canceled'),
('A00092', '2', 'Caries', '537.2882', 'Extraction', '2025-05-05 00:53:54', 'In-Progress'),
('A00092', '3', 'Gingivitis', '504.3146', 'Implant', '2025-05-05 00:53:54', 'Completed'),
('A00093', '1', 'Tooth Sensitivity', '436.8832', 'Root Canal', '2025-05-10 10:02:54', 'Canceled'),
('A00094', '1', 'Impacted Tooth', '516.6614', 'Implant', '2025-06-01 01:13:54', 'Completed'),
('A00095', '1', 'Impacted Tooth', '513.4987', 'Teeth Whitening', '2025-05-31 20:59:54', 'Completed'),
('A00095', '2', 'Impacted Tooth', '179.1914', 'Root Canal', '2025-05-31 21:59:54', 'Waiting'),
('A00095', '3', 'Oral Ulcer', '363.0793', 'Filling', '2025-05-31 22:59:54', 'In-Progress'),
('A00096', '1', 'Periodontitis', '294.0765', 'Cleaning', '2025-05-09 00:55:54', 'In-Progress'),
('A00096', '2', 'Tooth Sensitivity', '412.354', 'Implant', '2025-05-09 02:55:54', 'Waiting'),
('A00096', '3', 'Impacted Tooth', '896.7945', 'Filling', '2025-05-09 02:55:54', 'Waiting'),
('A00097', '1', 'Oral Ulcer', '518.8437', 'Bridge', '2025-05-25 08:17:54', 'Waiting'),
('A00097', '2', 'Periodontitis', '643.9156', 'Crown', '2025-05-25 08:17:54', 'Completed'),
('A00097', '3', 'Tooth Sensitivity', '101.0053', 'Cleaning', '2025-05-25 08:17:54', 'Completed'),
('A00098', '1', 'Tooth Sensitivity', '565.2669', 'Bridge', '2025-04-27 10:43:54', 'Waiting'),
('A00098', '2', 'Impacted Tooth', '464.8944', 'Cleaning', '2025-04-27 10:43:54', 'Canceled'),
('A00099', '1', 'Caries', '842.6903', 'Filling', '2025-05-07 22:02:54', 'Canceled');

INSERT INTO Books (Booking_ID, Patient_ID, Appointment_ID, Booking_Date_Time) VALUES
('B00000', 'P00038', 'A00000', '2025-04-24 10:52:54'),
('B00001', 'P00067', 'A00001', '2025-05-13 13:44:54'),
('B00002', 'P00024', 'A00002', '2025-05-05 17:09:54'),
('B00003', 'P00092', 'A00003', '2025-05-14 16:44:54'),
('B00004', 'P00036', 'A00004', '2025-05-31 12:41:54'),
('B00005', 'P00056', 'A00005', '2025-05-17 04:06:54'),
('B00006', 'P00013', 'A00006', '2025-05-14 19:58:54'),
('B00007', 'P00038', 'A00007', '2025-05-10 12:46:54'),
('B00008', 'P00011', 'A00008', '2025-05-25 19:51:54'),
('B00009', 'P00043', 'A00009', '2025-04-21 07:20:54'),
('B00010', 'P00013', 'A00010', '2025-05-12 03:12:54'),
('B00011', 'P00072', 'A00011', '2025-05-09 19:31:54'),
('B00012', 'P00057', 'A00012', '2025-05-25 21:12:54'),
('B00013', 'P00036', 'A00013', '2025-05-18 07:04:54'),
('B00014', 'P00060', 'A00014', '2025-04-26 22:10:54'),
('B00015', 'P00014', 'A00015', '2025-04-21 09:13:54'),
('B00016', 'P00065', 'A00016', '2025-05-19 17:56:54'),
('B00017', 'P00035', 'A00017', '2025-05-09 15:39:54'),
('B00018', 'P00046', 'A00018', '2025-04-28 05:17:54'),
('B00019', 'P00055', 'A00019', '2025-05-05 16:56:54'),
('B00020', 'P00011', 'A00020', '2025-05-26 03:09:54'),
('B00021', 'P00055', 'A00021', '2025-05-08 16:39:54'),
('B00022', 'P00046', 'A00022', '2025-05-24 19:54:54'),
('B00023', 'P00042', 'A00023', '2025-05-28 18:57:54'),
('B00024', 'P00031', 'A00024', '2025-05-01 22:42:54'),
('B00025', 'P00017', 'A00025', '2025-05-08 03:35:54'),
('B00026', 'P00021', 'A00026', '2025-05-27 09:06:54'),
('B00027', 'P00033', 'A00027', '2025-04-30 15:38:54'),
('B00028', 'P00055', 'A00028', '2025-05-27 12:58:54'),
('B00029', 'P00095', 'A00029', '2025-05-28 01:53:54'),
('B00030', 'P00007', 'A00030', '2025-05-02 18:53:54'),
('B00031', 'P00063', 'A00031', '2025-05-16 19:24:54'),
('B00032', 'P00001', 'A00032', '2025-05-15 10:43:54'),
('B00033', 'P00046', 'A00033', '2025-05-10 21:41:54'),
('B00034', 'P00056', 'A00034', '2025-05-15 18:03:54'),
('B00035', 'P00021', 'A00035', '2025-04-20 09:49:54'),
('B00036', 'P00055', 'A00036', '2025-05-06 19:37:54'),
('B00037', 'P00089', 'A00037', '2025-05-03 00:56:54'),
('B00038', 'P00016', 'A00038', '2025-05-02 19:08:54'),
('B00039', 'P00065', 'A00039', '2025-05-21 10:40:54'),
('B00040', 'P00067', 'A00040', '2025-05-30 14:48:54'),
('B00041', 'P00026', 'A00041', '2025-04-22 07:31:54'),
('B00042', 'P00075', 'A00042', '2025-05-05 17:18:54'),
('B00043', 'P00070', 'A00043', '2025-05-23 22:07:54'),
('B00044', 'P00090', 'A00044', '2025-05-12 08:39:54'),
('B00045', 'P00069', 'A00045', '2025-05-15 12:35:54'),
('B00046', 'P00024', 'A00046', '2025-05-01 06:49:54'),
('B00047', 'P00017', 'A00047', '2025-05-28 11:58:54'),
('B00048', 'P00023', 'A00048', '2025-04-27 18:06:54'),
('B00049', 'P00011', 'A00049', '2025-04-25 08:49:54'),
('B00050', 'P00090', 'A00050', '2025-05-07 06:10:54'),
('B00051', 'P00040', 'A00051', '2025-05-21 21:53:54'),
('B00052', 'P00024', 'A00052', '2025-05-09 00:24:54'),
('B00053', 'P00084', 'A00053', '2025-05-25 00:54:54'),
('B00054', 'P00089', 'A00054', '2025-05-30 02:21:54'),
('B00055', 'P00050', 'A00055', '2025-05-13 16:08:54'),
('B00056', 'P00019', 'A00056', '2025-04-28 20:34:54'),
('B00057', 'P00069', 'A00057', '2025-06-01 03:27:54'),
('B00058', 'P00060', 'A00058', '2025-05-27 06:31:54'),
('B00059', 'P00098', 'A00059', '2025-05-27 14:58:54'),
('B00060', 'P00082', 'A00060', '2025-04-23 00:31:54'),
('B00061', 'P00021', 'A00061', '2025-05-19 07:27:54'),
('B00062', 'P00025', 'A00062', '2025-05-02 22:29:54'),
('B00063', 'P00095', 'A00063', '2025-05-16 21:15:54'),
('B00064', 'P00061', 'A00064', '2025-05-17 00:07:54'),
('B00065', 'P00026', 'A00065', '2025-05-01 22:35:54'),
('B00066', 'P00049', 'A00066', '2025-05-05 03:25:54'),
('B00067', 'P00042', 'A00067', '2025-05-30 11:42:54'),
('B00068', 'P00091', 'A00068', '2025-04-29 07:10:54'),
('B00069', 'P00064', 'A00069', '2025-05-12 18:21:54'),
('B00070', 'P00080', 'A00070', '2025-05-15 01:17:54'),
('B00071', 'P00038', 'A00071', '2025-05-27 07:02:54'),
('B00072', 'P00070', 'A00072', '2025-05-17 10:29:54'),
('B00073', 'P00005', 'A00073', '2025-05-05 10:49:54'),
('B00074', 'P00064', 'A00074', '2025-04-27 23:32:54'),
('B00075', 'P00049', 'A00075', '2025-05-05 07:21:54'),
('B00076', 'P00047', 'A00076', '2025-04-24 03:26:54'),
('B00077', 'P00011', 'A00077', '2025-05-27 05:35:54'),
('B00078', 'P00095', 'A00078', '2025-05-17 15:17:54'),
('B00079', 'P00000', 'A00079', '2025-05-21 00:27:54'),
('B00080', 'P00093', 'A00080', '2025-05-29 03:24:54'),
('B00081', 'P00003', 'A00081', '2025-05-07 09:12:54'),
('B00082', 'P00080', 'A00082', '2025-05-23 11:47:54'),
('B00083', 'P00088', 'A00083', '2025-05-25 23:06:54'),
('B00084', 'P00066', 'A00084', '2025-05-23 05:35:54'),
('B00085', 'P00071', 'A00085', '2025-05-01 14:06:54'),
('B00086', 'P00005', 'A00086', '2025-05-06 16:40:54'),
('B00087', 'P00042', 'A00087', '2025-05-27 09:42:54'),
('B00088', 'P00036', 'A00088', '2025-05-27 08:37:54'),
('B00089', 'P00036', 'A00089', '2025-05-25 20:18:54'),
('B00090', 'P00011', 'A00090', '2025-05-31 05:21:54'),
('B00091', 'P00058', 'A00091', '2025-05-09 07:52:54'),
('B00092', 'P00076', 'A00092', '2025-04-29 22:53:54'),
('B00093', 'P00005', 'A00093', '2025-05-06 08:02:54'),
('B00094', 'P00007', 'A00094', '2025-05-27 23:13:54'),
('B00095', 'P00062', 'A00095', '2025-05-29 20:59:54'),
('B00096', 'P00052', 'A00096', '2025-05-06 00:55:54'),
('B00097', 'P00015', 'A00097', '2025-05-21 07:17:54'),
('B00098', 'P00051', 'A00098', '2025-04-24 09:43:54'),
('B00099', 'P00069', 'A00099', '2025-05-05 20:02:54');

INSERT INTO Cancel (Patient_ID, Appointment_ID, Cancellation_Date_Time, Reason) VALUES
('P00036', 'A00004', '2025-06-02 07:41:54', 'Mention case concern should put.'),
('P00056', 'A00005', '2025-05-21 01:06:54', 'Drug edge one allow similar action music.'),
('P00038', 'A00007', '2025-05-11 09:46:54', 'Forward drop body message night.'),
('P00057', 'A00012', '2025-05-29 15:12:54', 'Listen new together station rather artist music.'),
('P00036', 'A00013', '2025-05-20 01:04:54', 'Heart mother entire.'),
('P00046', 'A00018', '2025-04-28 17:17:54', 'Court plan behind staff form goal.'),
('P00055', 'A00021', '2025-05-10 06:39:54', 'Smile together song leader entire human cold think.'),
('P00001', 'A00032', '2025-05-19 07:43:54', 'Stock exist always poor scientist each.'),
('P00046', 'A00033', '2025-05-15 12:41:54', 'Street cause idea point whose thank.'),
('P00055', 'A00036', '2025-05-09 12:37:54', 'From common receive agree board ago different.'),
('P00075', 'A00042', '2025-05-09 11:18:54', 'Real manage space discussion.'),
('P00069', 'A00045', '2025-05-16 09:35:54', 'Close people situation money only ask wonder.'),
('P00017', 'A00047', '2025-06-01 06:58:54', 'Anyone beautiful life thought born see.'),
('P00050', 'A00055', '2025-05-17 08:08:54', 'Throughout win picture full.'),
('P00019', 'A00056', '2025-04-30 17:34:54', 'Word performance major.'),
('P00082', 'A00060', '2025-04-24 16:31:54', 'Shoulder particularly field about get.'),
('P00021', 'A00061', '2025-05-23 05:27:54', 'A find tree throw.'),
('P00049', 'A00066', '2025-05-05 22:25:54', 'Industry price class hotel mean.'),
('P00091', 'A00068', '2025-05-03 03:10:54', 'Writer evening company.'),
('P00080', 'A00070', '2025-05-18 21:17:54', 'Matter treat somebody.'),
('P00070', 'A00072', '2025-05-21 01:29:54', 'Meet prove budget baby truth middle.'),
('P00064', 'A00074', '2025-04-30 17:32:54', 'Find far beat example point against.'),
('P00049', 'A00075', '2025-05-07 19:21:54', 'Community maybe stock kind matter college black.'),
('P00047', 'A00076', '2025-04-28 19:26:54', 'President doctor eat process leave physical.'),
('P00011', 'A00077', '2025-06-01 02:35:54', 'Trial sing identify issue happy.'),
('P00095', 'A00078', '2025-05-18 08:17:54', 'Religious book measure administration real success.'),
('P00093', 'A00080', '2025-05-30 19:24:54', 'Employee seven pull follow know.'),
('P00066', 'A00084', '2025-05-23 19:35:54', 'Sound heavy risk vote teacher eight democratic.'),
('P00005', 'A00086', '2025-05-07 10:40:54', 'Director open individual figure and buy husband street.'),
('P00011', 'A00090', '2025-06-03 21:21:54', 'Hit discover animal perhaps foot.'),
('P00005', 'A00093', '2025-05-10 01:02:54', 'Everyone sign behind whatever record drive little.'),
('P00007', 'A00094', '2025-05-31 13:13:54', 'Never recognize player across light foot debate.'),
('P00052', 'A00096', '2025-05-08 13:55:54', 'Per off wait reach country.');

INSERT INTO Pays (Payment_ID, Patient_ID, Appointment_ID, Total_Amount, Payment_Method, Payment_Status, Payment_Date) VALUES
('PY00000', 'P00038', 'A00000', '553.5218', 'None', 'Unpaid', NULL),
('PY00001', 'P00067', 'A00001', '1008.5403', 'None', 'Unpaid', NULL),
('PY00002', 'P00024', 'A00002', '518.8017', 'None', 'Unpaid', NULL),
('PY00003', 'P00092', 'A00003', '1098.441', 'None', 'Paid', '2025-05-20 16:44:54'),
('PY00004', 'P00036', 'A00004', '929.5949', 'GCash', 'Paid', '2025-06-03 12:41:54'),
('PY00005', 'P00056', 'A00005', '211.9503', 'Cash', 'Paid', '2025-05-22 04:06:54'),
('PY00006', 'P00013', 'A00006', '184.4109', 'None', 'Unpaid', NULL),
('PY00007', 'P00038', 'A00007', '1587.3605', 'None', 'Unpaid', NULL),
('PY00008', 'P00011', 'A00008', '789.0721', 'None', 'Unpaid', NULL),
('PY00009', 'P00043', 'A00009', '1040.4403', 'None', 'Unpaid', NULL),
('PY00010', 'P00013', 'A00010', '892.9291', 'GCash', 'Paid', '2025-05-18 03:12:54'),
('PY00011', 'P00072', 'A00011', '332.1053', 'Card', 'Paid', '2025-05-11 19:31:54'),
('PY00012', 'P00057', 'A00012', '1517.3172', 'GCash', 'Paid', '2025-05-30 21:12:54'),
('PY00013', 'P00036', 'A00013', '1216.782', 'GCash', 'Paid', '2025-05-21 07:04:54'),
('PY00014', 'P00060', 'A00014', '1401.3461', 'None', 'Paid', '2025-05-01 22:10:54'),
('PY00015', 'P00014', 'A00015', '1256.041', 'Cash', 'Paid', '2025-04-27 09:13:54'),
('PY00016', 'P00065', 'A00016', '1933.312', 'None', 'Unpaid', NULL),
('PY00017', 'P00035', 'A00017', '880.0137', 'None', 'Unpaid', NULL),
('PY00018', 'P00046', 'A00018', '533.203', 'None', 'Unpaid', NULL),
('PY00019', 'P00055', 'A00019', '250.6449', 'None', 'Unpaid', NULL),
('PY00020', 'P00011', 'A00020', '1854.6015', 'Card', 'Paid', '2025-05-31 03:09:54'),
('PY00021', 'P00055', 'A00021', '1477.5782', 'None', 'Unpaid', NULL),
('PY00022', 'P00046', 'A00022', '775.6541', 'None', 'Unpaid', NULL),
('PY00023', 'P00042', 'A00023', '283.1823', 'None', 'Paid', '2025-06-02 18:57:54'),
('PY00024', 'P00031', 'A00024', '708.5928', 'GCash', 'Paid', '2025-05-05 22:42:54'),
('PY00025', 'P00017', 'A00025', '575.649', 'Card', 'Paid', '2025-05-12 03:35:54'),
('PY00026', 'P00021', 'A00026', '1214.9021', 'Card', 'Paid', '2025-06-01 09:06:54'),
('PY00027', 'P00033', 'A00027', '837.1923', 'Cash', 'Paid', '2025-05-05 15:38:54'),
('PY00028', 'P00055', 'A00028', '698.0243', 'None', 'Unpaid', NULL),
('PY00029', 'P00095', 'A00029', '1997.9806', 'None', 'Paid', '2025-06-02 01:53:54'),
('PY00030', 'P00007', 'A00030', '1075.0935', 'None', 'Unpaid', NULL),
('PY00031', 'P00063', 'A00031', '666.1889', 'Card', 'Paid', '2025-05-18 19:24:54'),
('PY00032', 'P00001', 'A00032', '1800.785', 'None', 'Paid', '2025-05-20 10:43:54'),
('PY00033', 'P00046', 'A00033', '1470.194', 'Card', 'Paid', '2025-05-16 21:41:54'),
('PY00034', 'P00056', 'A00034', '1590.3905', 'Cash', 'Paid', '2025-05-21 18:03:54'),
('PY00035', 'P00021', 'A00035', '1586.2468', 'None', 'Unpaid', NULL),
('PY00036', 'P00055', 'A00036', '1775.8512', 'Card', 'Paid', '2025-05-10 19:37:54'),
('PY00037', 'P00089', 'A00037', '449.4495', 'Card', 'Paid', '2025-05-05 00:56:54'),
('PY00038', 'P00016', 'A00038', '1169.4507', 'None', 'Paid', '2025-05-08 19:08:54'),
('PY00039', 'P00065', 'A00039', '490.1548', 'None', 'Unpaid', NULL),
('PY00040', 'P00067', 'A00040', '1247.1225', 'None', 'Unpaid', NULL),
('PY00041', 'P00026', 'A00041', '874.9099', 'None', 'Unpaid', NULL),
('PY00042', 'P00075', 'A00042', '984.4778', 'Cash', 'Paid', '2025-05-10 17:18:54'),
('PY00043', 'P00070', 'A00043', '1171.5039', 'Card', 'Paid', '2025-05-29 22:07:54'),
('PY00044', 'P00090', 'A00044', '1087.6407', 'Cash', 'Paid', '2025-05-17 08:39:54'),
('PY00045', 'P00069', 'A00045', '662.3818', 'Cash', 'Paid', '2025-05-17 12:35:54'),
('PY00046', 'P00024', 'A00046', '1337.5942', 'None', 'Unpaid', NULL),
('PY00047', 'P00017', 'A00047', '352.3517', 'None', 'Unpaid', NULL),
('PY00048', 'P00023', 'A00048', '1479.0914', 'Cash', 'Paid', '2025-05-02 18:06:54'),
('PY00049', 'P00011', 'A00049', '1605.7319', 'None', 'Unpaid', NULL),
('PY00050', 'P00090', 'A00050', '472.7763', 'None', 'Unpaid', NULL),
('PY00051', 'P00040', 'A00051', '1140.0586', 'GCash', 'Paid', '2025-05-23 21:53:54'),
('PY00052', 'P00024', 'A00052', '1535.1909', 'None', 'Unpaid', NULL),
('PY00053', 'P00084', 'A00053', '1704.7397', 'None', 'Unpaid', NULL),
('PY00054', 'P00089', 'A00054', '229.1726', 'None', 'Unpaid', NULL),
('PY00055', 'P00050', 'A00055', '533.3851', 'None', 'Unpaid', NULL),
('PY00056', 'P00019', 'A00056', '1510.3758', 'None', 'Unpaid', NULL),
('PY00057', 'P00069', 'A00057', '537.3571', 'Cash', 'Paid', '2025-06-05 03:27:54'),
('PY00058', 'P00060', 'A00058', '173.0694', 'Card', 'Paid', '2025-06-01 06:31:54'),
('PY00059', 'P00098', 'A00059', '392.6258', 'Card', 'Paid', '2025-05-29 14:58:54'),
('PY00060', 'P00082', 'A00060', '1841.1805', 'Card', 'Paid', '2025-04-26 00:31:54'),
('PY00061', 'P00021', 'A00061', '1836.2841', 'GCash', 'Paid', '2025-05-24 07:27:54'),
('PY00062', 'P00025', 'A00062', '1446.2393', 'None', 'Unpaid', NULL),
('PY00063', 'P00095', 'A00063', '375.2657', 'GCash', 'Paid', '2025-05-18 21:15:54'),
('PY00064', 'P00061', 'A00064', '544.9019', 'GCash', 'Paid', '2025-05-20 00:07:54'),
('PY00065', 'P00026', 'A00065', '1735.2325', 'None', 'Unpaid', NULL),
('PY00066', 'P00049', 'A00066', '742.0245', 'None', 'Paid', '2025-05-07 03:25:54'),
('PY00067', 'P00042', 'A00067', '1616.613', 'None', 'Unpaid', NULL),
('PY00068', 'P00091', 'A00068', '1510.8293', 'Cash', 'Paid', '2025-05-04 07:10:54'),
('PY00069', 'P00064', 'A00069', '1262.1862', 'None', 'Paid', '2025-05-17 18:21:54'),
('PY00070', 'P00080', 'A00070', '1108.8388', 'Card', 'Paid', '2025-05-20 01:17:54'),
('PY00071', 'P00038', 'A00071', '1450.1795', 'None', 'Unpaid', NULL),
('PY00072', 'P00070', 'A00072', '1432.2621', 'None', 'Paid', '2025-05-22 10:29:54'),
('PY00073', 'P00005', 'A00073', '379.2874', 'None', 'Unpaid', NULL),
('PY00074', 'P00064', 'A00074', '1486.3994', 'None', 'Paid', '2025-05-01 23:32:54'),
('PY00075', 'P00049', 'A00075', '628.5508', 'Card', 'Paid', '2025-05-09 07:21:54'),
('PY00076', 'P00047', 'A00076', '656.8884', 'Card', 'Paid', '2025-04-30 03:26:54'),
('PY00077', 'P00011', 'A00077', '1416.0207', 'Cash', 'Paid', '2025-06-02 05:35:54'),
('PY00078', 'P00095', 'A00078', '718.0699', 'None', 'Paid', '2025-05-19 15:17:54'),
('PY00079', 'P00000', 'A00079', '960.1769', 'None', 'Paid', '2025-05-26 00:27:54'),
('PY00080', 'P00093', 'A00080', '541.9789', 'None', 'Unpaid', NULL),
('PY00081', 'P00003', 'A00081', '273.9917', 'None', 'Unpaid', NULL),
('PY00082', 'P00080', 'A00082', '1173.5439', 'GCash', 'Paid', '2025-05-26 11:47:54'),
('PY00083', 'P00088', 'A00083', '1025.4432', 'None', 'Unpaid', NULL),
('PY00084', 'P00066', 'A00084', '1908.6048', 'None', 'Paid', '2025-05-25 05:35:54'),
('PY00085', 'P00071', 'A00085', '966.0751', 'None', 'Paid', '2025-05-07 14:06:54'),
('PY00086', 'P00005', 'A00086', '1177.188', 'Card', 'Paid', '2025-05-08 16:40:54'),
('PY00087', 'P00042', 'A00087', '799.2095', 'None', 'Paid', '2025-05-29 09:42:54'),
('PY00088', 'P00036', 'A00088', '390.4452', 'GCash', 'Paid', '2025-06-02 08:37:54'),
('PY00089', 'P00036', 'A00089', '153.9285', 'None', 'Unpaid', NULL),
('PY00090', 'P00011', 'A00090', '1740.7712', 'None', 'Unpaid', NULL),
('PY00091', 'P00058', 'A00091', '1639.658', 'None', 'Unpaid', NULL),
('PY00092', 'P00076', 'A00092', '379.7967', 'None', 'Unpaid', NULL),
('PY00093', 'P00005', 'A00093', '1349.355', 'GCash', 'Paid', '2025-05-11 08:02:54'),
('PY00094', 'P00007', 'A00094', '1019.3706', 'None', 'Paid', '2025-06-01 23:13:54'),
('PY00095', 'P00062', 'A00095', '165.9981', 'Card', 'Paid', '2025-06-01 20:59:54'),
('PY00096', 'P00052', 'A00096', '756.5811', 'Cash', 'Paid', '2025-05-10 00:55:54'),
('PY00097', 'P00015', 'A00097', '559.0938', 'None', 'Unpaid', NULL),
('PY00098', 'P00051', 'A00098', '765.3757', 'None', 'Paid', '2025-04-28 09:43:54'),
('PY00099', 'P00069', 'A00099', '435.3164', 'GCash', 'Paid', '2025-05-08 20:02:54');

