-- Insert data into tables

    INSERT INTO Patient (Patient_ID, First_Name, Middle_Name, Last_Name, Address, Gender, Contact_Number, Email, Birth_Date)
    VALUES ('P00001', 'Megan', 'Katherine', 'Fisher', '4759 William Haven Apt. 194
West Corey, TX 43780',
            'Female', '815.659.3877x84', 'cortezraymond@garrett.com', '1942-07-16');
    

    INSERT INTO Patient (Patient_ID, First_Name, Middle_Name, Last_Name, Address, Gender, Contact_Number, Email, Birth_Date)
    VALUES ('P00002', 'Jessica', 'Jane', 'Brown', 'PSC 3328, Box 7115
APO AP 64632',
            'Female', '484-185-8398', 'zdavis@yahoo.com', '1952-06-29');
    

    INSERT INTO Patient (Patient_ID, First_Name, Middle_Name, Last_Name, Address, Gender, Contact_Number, Email, Birth_Date)
    VALUES ('P00003', 'Barbara', 'Kelly', 'Lopez', '1122 Megan Squares Suite 848
Port Jason, OR 55475',
            'Male', '001-477-515-917', 'johndennis@gmail.com', '2005-05-04');
    

    INSERT INTO Patient (Patient_ID, First_Name, Middle_Name, Last_Name, Address, Gender, Contact_Number, Email, Birth_Date)
    VALUES ('P00004', 'Jeffrey', 'Laura', 'Cook', '30989 Anthony Roads
New Maria, MO 12498',
            'Female', '(109)032-1730x0', 'chad14@graham-brown.info', '1914-09-14');
    

    INSERT INTO Patient (Patient_ID, First_Name, Middle_Name, Last_Name, Address, Gender, Contact_Number, Email, Birth_Date)
    VALUES ('P00005', 'Candace', 'Holly', 'Myers', '230 Megan Junctions Suite 197
North Thomas, OK 67164',
            'Female', '564-280-7150x84', 'chelsea59@hotmail.com', '1993-11-14');
    

    INSERT INTO Patient (Patient_ID, First_Name, Middle_Name, Last_Name, Address, Gender, Contact_Number, Email, Birth_Date)
    VALUES ('P00006', 'David', 'Kyle', 'Goodman', '93523 Dana Lane
Johnsonshire, WI 87296',
            'Female', '001-027-142-787', 'larry70@yahoo.com', '1934-12-06');
    

    INSERT INTO Patient (Patient_ID, First_Name, Middle_Name, Last_Name, Address, Gender, Contact_Number, Email, Birth_Date)
    VALUES ('P00007', 'Amy', 'Sylvia', 'Irwin', '66503 Jennifer Alley
East Davidborough, ME 37198',
            'Female', '001-217-610-471', 'joshuasmith@harris.net', '1952-03-05');
    

    INSERT INTO Patient (Patient_ID, First_Name, Middle_Name, Last_Name, Address, Gender, Contact_Number, Email, Birth_Date)
    VALUES ('P00008', 'Stacey', 'Sheena', 'Browning', '765 Jared Radial Suite 022
Mathewstad, CO 44836',
            'Female', '001-900-422-945', 'parkermelody@jones.biz', '1924-02-18');
    

    INSERT INTO Patient (Patient_ID, First_Name, Middle_Name, Last_Name, Address, Gender, Contact_Number, Email, Birth_Date)
    VALUES ('P00009', 'Cory', 'Regina', 'Wells', '71760 Rogers Spur Apt. 296
North Lindseyborough, IN 08516',
            'Female', '(016)884-7793x6', 'ryanhoward@gmail.com', '2021-03-19');
    

    INSERT INTO Patient (Patient_ID, First_Name, Middle_Name, Last_Name, Address, Gender, Contact_Number, Email, Birth_Date)
    VALUES ('P00010', 'Michelle', 'Jacqueline', 'Leach', '76430 Cindy Cove
South Nicholas, FL 14230',
            'Male', '+1-729-668-7577', 'petersonsydney@meyers-johnson.com', '1944-04-21');
    

    INSERT INTO Patient (Patient_ID, First_Name, Middle_Name, Last_Name, Address, Gender, Contact_Number, Email, Birth_Date)
    VALUES ('P00011', 'Carrie', 'Eric', 'Gray', '18013 Billy Bridge Suite 522
Schmitthaven, NC 66355',
            'Male', '9189163489', 'ybruce@hotmail.com', '1989-02-24');
    

    INSERT INTO Patient (Patient_ID, First_Name, Middle_Name, Last_Name, Address, Gender, Contact_Number, Email, Birth_Date)
    VALUES ('P00012', 'Jesus', 'Michelle', 'Smith', '8945 Trevor Greens
Kendrafurt, MS 08661',
            'Female', '(234)500-7627', 'lisagomez@carr.info', '1915-09-30');
    

    INSERT INTO Patient (Patient_ID, First_Name, Middle_Name, Last_Name, Address, Gender, Contact_Number, Email, Birth_Date)
    VALUES ('P00013', 'Craig', 'Kimberly', 'Smith', '518 Lee Tunnel
Rodriguezton, UT 61736',
            'Male', '+1-519-426-4183', 'stanleyclarke@gmail.com', '1915-06-03');
    

    INSERT INTO Patient (Patient_ID, First_Name, Middle_Name, Last_Name, Address, Gender, Contact_Number, Email, Birth_Date)
    VALUES ('P00014', 'Rachel', 'Bill', 'Scott', '18868 Dougherty Drive
Snowchester, CT 54979',
            'Male', '162-076-6075', 'gomezdavid@hotmail.com', '1913-05-05');
    

    INSERT INTO Patient (Patient_ID, First_Name, Middle_Name, Last_Name, Address, Gender, Contact_Number, Email, Birth_Date)
    VALUES ('P00015', 'Michael', 'Gregory', 'Greer', '92303 Julie Hill Suite 093
East Shawn, MI 93231',
            'Female', '203-557-4485x29', 'eric22@stewart.com', '2012-01-30');
    

    INSERT INTO Patient (Patient_ID, First_Name, Middle_Name, Last_Name, Address, Gender, Contact_Number, Email, Birth_Date)
    VALUES ('P00016', 'Ivan', 'Nathan', 'Alvarado', '1126 Pierce Streets
New Robert, MI 11583',
            'Male', '758.066.0657', 'kelly71@hogan.com', '1985-04-24');
    

    INSERT INTO Patient (Patient_ID, First_Name, Middle_Name, Last_Name, Address, Gender, Contact_Number, Email, Birth_Date)
    VALUES ('P00017', 'Catherine', 'Eric', 'Park', 'PSC 2662, Box 3758
APO AE 47079',
            'Female', '173.407.9703x41', 'emccarthy@gregory.net', '2013-01-18');
    

    INSERT INTO Patient (Patient_ID, First_Name, Middle_Name, Last_Name, Address, Gender, Contact_Number, Email, Birth_Date)
    VALUES ('P00018', 'Richard', 'Crystal', 'Smith', '46896 Garcia Glen
Justinborough, CO 05147',
            'Male', '448-518-3216', 'april98@hotmail.com', '1937-12-17');
    

    INSERT INTO Patient (Patient_ID, First_Name, Middle_Name, Last_Name, Address, Gender, Contact_Number, Email, Birth_Date)
    VALUES ('P00019', 'Amanda', 'Robert', 'Walters', '7592 David Crest Suite 697
New Elizabeth, SC 62454',
            'Male', '001-637-785-707', 'kellypeter@mathis.com', '2002-09-30');
    

    INSERT INTO Patient (Patient_ID, First_Name, Middle_Name, Last_Name, Address, Gender, Contact_Number, Email, Birth_Date)
    VALUES ('P00020', 'Stacy', 'Sandy', 'Foster', '044 Donald Ports
Jameschester, VT 43780',
            'Female', '(256)627-2852x3', 'yroman@hotmail.com', '1939-04-23');
    

    INSERT INTO Patient (Patient_ID, First_Name, Middle_Name, Last_Name, Address, Gender, Contact_Number, Email, Birth_Date)
    VALUES ('P00021', 'Laura', 'Scott', 'Harris', '31250 Jesse Hills Apt. 845
Ellishaven, SD 72221',
            'Female', '001-697-747-354', 'diamond21@becker-arellano.biz', '1985-04-03');
    

    INSERT INTO Patient (Patient_ID, First_Name, Middle_Name, Last_Name, Address, Gender, Contact_Number, Email, Birth_Date)
    VALUES ('P00022', 'Sandra', 'Shawn', 'Morgan', '5875 Johnson Cape
West Christopher, NC 45818',
            'Male', '344.486.4753', 'sarah10@simpson-kim.biz', '1976-07-09');
    

    INSERT INTO Patient (Patient_ID, First_Name, Middle_Name, Last_Name, Address, Gender, Contact_Number, Email, Birth_Date)
    VALUES ('P00023', 'Steven', 'David', 'Miller', '3791 Hansen Village
Williamsburgh, NM 29343',
            'Female', '(455)618-4983', 'dpalmer@hotmail.com', '1995-09-06');
    

    INSERT INTO Patient (Patient_ID, First_Name, Middle_Name, Last_Name, Address, Gender, Contact_Number, Email, Birth_Date)
    VALUES ('P00024', 'Jose', 'Jesse', 'Wilson', '63340 Trevino Crossing
Brewerville, OK 47543',
            'Female', '843.318.4535', 'brandi20@hotmail.com', '1978-01-20');
    

    INSERT INTO Patient (Patient_ID, First_Name, Middle_Name, Last_Name, Address, Gender, Contact_Number, Email, Birth_Date)
    VALUES ('P00025', 'Mark', 'Brenda', 'Johnson', '28123 Hudson Square Apt. 323
Gomezshire, SC 65835',
            'Female', '908-957-7403', 'vlamb@payne-padilla.com', '1944-08-12');
    

    INSERT INTO Patient (Patient_ID, First_Name, Middle_Name, Last_Name, Address, Gender, Contact_Number, Email, Birth_Date)
    VALUES ('P00026', 'Derrick', 'Richard', 'Lee', '0305 Matthew Mill Apt. 452
Andreshire, AR 96486',
            'Male', '+1-250-700-3003', 'patriciarobinson@yahoo.com', '1928-09-04');
    

    INSERT INTO Patient (Patient_ID, First_Name, Middle_Name, Last_Name, Address, Gender, Contact_Number, Email, Birth_Date)
    VALUES ('P00027', 'Michael', 'Gregory', 'Murphy', 'Unit 6606 Box 4887
DPO AE 74521',
            'Female', '662-082-9821', 'maryhoover@gmail.com', '1912-05-02');
    

    INSERT INTO Patient (Patient_ID, First_Name, Middle_Name, Last_Name, Address, Gender, Contact_Number, Email, Birth_Date)
    VALUES ('P00028', 'Sue', 'Paula', 'Newton', '169 Christine Mount
New Carolyn, MA 97234',
            'Female', '001-600-715-427', 'linda60@yahoo.com', '1981-07-10');
    

    INSERT INTO Patient (Patient_ID, First_Name, Middle_Name, Last_Name, Address, Gender, Contact_Number, Email, Birth_Date)
    VALUES ('P00029', 'Rachel', 'Andrea', 'Madden', '076 Richard Park Apt. 040
Erinshire, WI 38482',
            'Female', '+1-388-564-3195', 'meghan09@cunningham.com', '1948-12-22');
    

    INSERT INTO Patient (Patient_ID, First_Name, Middle_Name, Last_Name, Address, Gender, Contact_Number, Email, Birth_Date)
    VALUES ('P00030', 'Connie', 'Marcus', 'Patton', '29072 Noble Stravenue
Browningview, RI 25097',
            'Male', '864-282-1291', 'sbaker@gmail.com', '1967-09-09');
    

    INSERT INTO Patient (Patient_ID, First_Name, Middle_Name, Last_Name, Address, Gender, Contact_Number, Email, Birth_Date)
    VALUES ('P00031', 'Kimberly', 'Lori', 'Ramirez', '3620 Kristen Squares Suite 570
Fieldsbury, AK 47978',
            'Male', '235.703.9342x61', 'rubiofrank@gmail.com', '1967-06-04');
    

    INSERT INTO Patient (Patient_ID, First_Name, Middle_Name, Last_Name, Address, Gender, Contact_Number, Email, Birth_Date)
    VALUES ('P00032', 'Cynthia', 'Shelby', 'King', '514 Travis Track Suite 366
Rowefurt, AZ 76875',
            'Male', '592.945.0678x20', 'adam31@hotmail.com', '1982-12-03');
    

    INSERT INTO Patient (Patient_ID, First_Name, Middle_Name, Last_Name, Address, Gender, Contact_Number, Email, Birth_Date)
    VALUES ('P00033', 'Thomas', 'Leonard', 'Skinner', 'USS Edwards
FPO AE 83806',
            'Female', '629-264-8022x27', 'wherring@hess.com', '1936-10-12');
    

    INSERT INTO Patient (Patient_ID, First_Name, Middle_Name, Last_Name, Address, Gender, Contact_Number, Email, Birth_Date)
    VALUES ('P00034', 'Lauren', 'Mark', 'Erickson', '78209 Darlene Bypass Suite 137
Port Stephen, VT 44235',
            'Male', '+1-278-081-8501', 'martha85@hotmail.com', '1925-07-08');
    

    INSERT INTO Patient (Patient_ID, First_Name, Middle_Name, Last_Name, Address, Gender, Contact_Number, Email, Birth_Date)
    VALUES ('P00035', 'Derek', 'Sara', 'White', '306 Holly Underpass Suite 092
Samanthaland, AR 58265',
            'Female', '(994)497-6207x4', 'cole05@thompson.com', '1953-04-11');
    

    INSERT INTO Patient (Patient_ID, First_Name, Middle_Name, Last_Name, Address, Gender, Contact_Number, Email, Birth_Date)
    VALUES ('P00036', 'Stephen', 'Angela', 'Savage', '86408 Mary Common
Michaelville, AZ 20721',
            'Female', '400.652.8222x23', 'pwilliams@hotmail.com', '1947-09-01');
    

    INSERT INTO Patient (Patient_ID, First_Name, Middle_Name, Last_Name, Address, Gender, Contact_Number, Email, Birth_Date)
    VALUES ('P00037', 'Mark', 'Tammy', 'Bell', '5926 Fernando Prairie Apt. 622
North Madisonhaven, AZ 06688',
            'Male', '001-199-226-066', 'ajones@hopkins.biz', '1942-10-11');
    

    INSERT INTO Patient (Patient_ID, First_Name, Middle_Name, Last_Name, Address, Gender, Contact_Number, Email, Birth_Date)
    VALUES ('P00038', 'Thomas', 'Jeffrey', 'Foster', '144 Daniels Rapids Suite 340
Michellefurt, CT 70555',
            'Female', '2606661797', 'matthewjenkins@sellers.com', '1959-06-20');
    

    INSERT INTO Patient (Patient_ID, First_Name, Middle_Name, Last_Name, Address, Gender, Contact_Number, Email, Birth_Date)
    VALUES ('P00039', 'Michael', 'Courtney', 'Miranda', '42954 Walters Highway
Johnsonchester, MS 95905',
            'Male', '522.195.2069', 'tjones@hotmail.com', '2002-01-01');
    

    INSERT INTO Patient (Patient_ID, First_Name, Middle_Name, Last_Name, Address, Gender, Contact_Number, Email, Birth_Date)
    VALUES ('P00040', 'Christian', 'Ronald', 'Barber', '23082 Kelly Road
Jennifermouth, DE 54092',
            'Male', '001-425-858-268', 'gforbes@hotmail.com', '1930-04-22');
    

    INSERT INTO Patient (Patient_ID, First_Name, Middle_Name, Last_Name, Address, Gender, Contact_Number, Email, Birth_Date)
    VALUES ('P00041', 'Dylan', 'Brandy', 'Walters', 'Unit 8139 Box 9814
DPO AP 96435',
            'Male', '+1-261-001-5751', 'oburnett@gmail.com', '1985-10-13');
    

    INSERT INTO Patient (Patient_ID, First_Name, Middle_Name, Last_Name, Address, Gender, Contact_Number, Email, Birth_Date)
    VALUES ('P00042', 'Andrea', 'Patricia', 'Deleon', '28693 Erickson Lodge
Andrewberg, MS 22958',
            'Male', '906.196.5387x07', 'marissa78@long.com', '1931-01-21');
    

    INSERT INTO Patient (Patient_ID, First_Name, Middle_Name, Last_Name, Address, Gender, Contact_Number, Email, Birth_Date)
    VALUES ('P00043', 'Kevin', 'Chelsea', 'Rangel', '6968 Joseph Forks
West Donaldville, TN 07933',
            'Male', '+1-298-300-6897', 'allentyler@hill-smith.com', '1978-08-13');
    

    INSERT INTO Patient (Patient_ID, First_Name, Middle_Name, Last_Name, Address, Gender, Contact_Number, Email, Birth_Date)
    VALUES ('P00044', 'Sara', 'Christopher', 'Torres', '2343 Keller Tunnel Suite 469
Port Kimberly, MI 66070',
            'Female', '355.645.6417x41', 'juliaspears@yahoo.com', '1977-04-19');
    

    INSERT INTO Patient (Patient_ID, First_Name, Middle_Name, Last_Name, Address, Gender, Contact_Number, Email, Birth_Date)
    VALUES ('P00045', 'Jeremy', 'Erin', 'Hester', '936 Tucker Island Apt. 175
Macdonaldbury, NE 06874',
            'Male', '001-061-435-212', 'stephaniesmith@smith.com', '1920-06-11');
    

    INSERT INTO Patient (Patient_ID, First_Name, Middle_Name, Last_Name, Address, Gender, Contact_Number, Email, Birth_Date)
    VALUES ('P00046', 'Joyce', 'James', 'Smith', 'PSC 6182, Box 3366
APO AA 00549',
            'Male', '(360)940-9555x7', 'espinozajoshua@hotmail.com', '1928-08-27');
    

    INSERT INTO Patient (Patient_ID, First_Name, Middle_Name, Last_Name, Address, Gender, Contact_Number, Email, Birth_Date)
    VALUES ('P00047', 'Christine', 'Donna', 'Gray', '68818 Heather Mountains Apt. 877
South Amy, MT 33850',
            'Female', '(198)537-3576x0', 'pwalker@yahoo.com', '1974-04-18');
    

    INSERT INTO Patient (Patient_ID, First_Name, Middle_Name, Last_Name, Address, Gender, Contact_Number, Email, Birth_Date)
    VALUES ('P00048', 'Thomas', 'Jeremy', 'Campbell', '134 Sophia Drives
Benjaminburgh, NH 51658',
            'Female', '+1-367-326-0583', 'cynthiawilliamson@hotmail.com', '1987-01-08');
    

    INSERT INTO Patient (Patient_ID, First_Name, Middle_Name, Last_Name, Address, Gender, Contact_Number, Email, Birth_Date)
    VALUES ('P00049', 'Sarah', 'Carly', 'Johnson', '300 Dennis Mills Apt. 186
Nicolemouth, TX 25685',
            'Male', '(585)767-5712', 'waltonstephanie@sampson-zimmerman.com', '1959-05-31');
    

    INSERT INTO Patient (Patient_ID, First_Name, Middle_Name, Last_Name, Address, Gender, Contact_Number, Email, Birth_Date)
    VALUES ('P00050', 'Janet', 'Andrew', 'Clark', '302 Parker Plains Apt. 197
East Robertstad, CO 98152',
            'Female', '3909852741', 'natalie36@yahoo.com', '2010-11-14');
    

    INSERT INTO Patient (Patient_ID, First_Name, Middle_Name, Last_Name, Address, Gender, Contact_Number, Email, Birth_Date)
    VALUES ('P00051', 'William', 'Matthew', 'Holloway', '25997 Stephanie Pine
Grahamfurt, AK 15783',
            'Female', '(922)016-3044x6', 'morganandrea@odonnell.com', '1954-06-21');
    

    INSERT INTO Patient (Patient_ID, First_Name, Middle_Name, Last_Name, Address, Gender, Contact_Number, Email, Birth_Date)
    VALUES ('P00052', 'Devin', 'Wendy', 'Garcia', '9181 Todd Pike
West Colin, VT 28939',
            'Male', '(363)975-2458', 'stevenedwards@hill.com', '1920-09-04');
    

    INSERT INTO Patient (Patient_ID, First_Name, Middle_Name, Last_Name, Address, Gender, Contact_Number, Email, Birth_Date)
    VALUES ('P00053', 'Donna', 'Mark', 'Brennan', '19041 Jennifer Flats Suite 716
Martinezshire, MD 23325',
            'Female', '364-000-4155x84', 'carla66@aguilar-king.com', '2019-05-23');
    

    INSERT INTO Patient (Patient_ID, First_Name, Middle_Name, Last_Name, Address, Gender, Contact_Number, Email, Birth_Date)
    VALUES ('P00054', 'Amanda', 'Pamela', 'Erickson', '037 Johnson Common
Coreyburgh, DC 57867',
            'Male', '5861837446', 'dterry@gmail.com', '2005-11-10');
    

    INSERT INTO Patient (Patient_ID, First_Name, Middle_Name, Last_Name, Address, Gender, Contact_Number, Email, Birth_Date)
    VALUES ('P00055', 'Olivia', 'Alexandria', 'Harris', '28480 Jesse View Suite 238
Port Bonnie, WA 33000',
            'Female', '407.306.2686x36', 'melissapatel@smith.com', '2010-10-31');
    

    INSERT INTO Patient (Patient_ID, First_Name, Middle_Name, Last_Name, Address, Gender, Contact_Number, Email, Birth_Date)
    VALUES ('P00056', 'Randy', 'Emily', 'Rollins', 'Unit 6412 Box 9330
DPO AE 67514',
            'Female', '737-298-4092', 'michael48@hotmail.com', '2003-01-07');
    

    INSERT INTO Patient (Patient_ID, First_Name, Middle_Name, Last_Name, Address, Gender, Contact_Number, Email, Birth_Date)
    VALUES ('P00057', 'Jon', 'Andrew', 'Roman', 'USNS Franklin
FPO AA 62567',
            'Male', '727-455-9669x68', 'ryanbaker@hicks.net', '2012-04-25');
    

    INSERT INTO Patient (Patient_ID, First_Name, Middle_Name, Last_Name, Address, Gender, Contact_Number, Email, Birth_Date)
    VALUES ('P00058', 'Rachel', 'Kimberly', 'Hunter', '4647 Kristine Fields Suite 710
New Dakota, WY 00638',
            'Female', '292.594.0009', 'suzanne36@rodgers-garrison.com', '1988-07-25');
    

    INSERT INTO Patient (Patient_ID, First_Name, Middle_Name, Last_Name, Address, Gender, Contact_Number, Email, Birth_Date)
    VALUES ('P00059', 'Ryan', 'Darrell', 'Johnson', '3635 Laura Parks Apt. 998
Willisbury, AL 07599',
            'Female', '(902)816-4593x0', 'vlynch@yahoo.com', '1997-04-04');
    

    INSERT INTO Patient (Patient_ID, First_Name, Middle_Name, Last_Name, Address, Gender, Contact_Number, Email, Birth_Date)
    VALUES ('P00060', 'Christian', 'Linda', 'Moore', '697 Lambert Rest Suite 219
Port Jacobfort, TX 96048',
            'Male', '644-158-8100', 'pamelarussell@blackwell-edwards.com', '1920-12-03');
    

    INSERT INTO Patient (Patient_ID, First_Name, Middle_Name, Last_Name, Address, Gender, Contact_Number, Email, Birth_Date)
    VALUES ('P00061', 'Jacqueline', 'Dawn', 'Brady', '0096 Ann Squares
Richardside, WA 58918',
            'Female', '+1-282-392-1974', 'jason00@hotmail.com', '2014-08-31');
    

    INSERT INTO Patient (Patient_ID, First_Name, Middle_Name, Last_Name, Address, Gender, Contact_Number, Email, Birth_Date)
    VALUES ('P00062', 'Kimberly', 'Nancy', 'Fowler', '215 Joy Islands
West Beth, CO 49393',
            'Male', '475.778.8115', 'ifrank@yahoo.com', '1984-05-16');
    

    INSERT INTO Patient (Patient_ID, First_Name, Middle_Name, Last_Name, Address, Gender, Contact_Number, Email, Birth_Date)
    VALUES ('P00063', 'Ronald', 'Charles', 'Robinson', '12206 Elizabeth Pine Suite 945
Moralesmouth, TN 82072',
            'Male', '853.806.5580x39', 'richardsonkatie@gmail.com', '1983-08-15');
    

    INSERT INTO Patient (Patient_ID, First_Name, Middle_Name, Last_Name, Address, Gender, Contact_Number, Email, Birth_Date)
    VALUES ('P00064', 'Andrew', 'William', 'Villegas', '2547 Avila Manor
Port Deborahbury, SD 63076',
            'Male', '001-520-782-649', 'ustewart@bradley-grimes.com', '1979-01-30');
    

    INSERT INTO Patient (Patient_ID, First_Name, Middle_Name, Last_Name, Address, Gender, Contact_Number, Email, Birth_Date)
    VALUES ('P00065', 'Russell', 'John', 'James', '89573 Hanson Drive Suite 324
New Janet, DE 59076',
            'Male', '329.593.1873x46', 'megan50@lee.org', '2022-06-24');
    

    INSERT INTO Patient (Patient_ID, First_Name, Middle_Name, Last_Name, Address, Gender, Contact_Number, Email, Birth_Date)
    VALUES ('P00066', 'Frank', 'Angela', 'Miller', '5601 Matthew Estate Suite 987
Amychester, NJ 49649',
            'Female', '111.809.8591', 'williamscody@collins.com', '2014-06-08');
    

    INSERT INTO Patient (Patient_ID, First_Name, Middle_Name, Last_Name, Address, Gender, Contact_Number, Email, Birth_Date)
    VALUES ('P00067', 'Patricia', 'Sheri', 'Nielsen', '4229 Derrick Wells
West Tyler, FL 96763',
            'Female', '+1-431-262-3905', 'roachholly@hotmail.com', '1947-05-09');
    

    INSERT INTO Patient (Patient_ID, First_Name, Middle_Name, Last_Name, Address, Gender, Contact_Number, Email, Birth_Date)
    VALUES ('P00068', 'Latoya', 'Jill', 'Smith', '906 Dustin Plain
New Lucasbury, HI 60351',
            'Male', '734-315-7458x94', 'thompsondaniel@hotmail.com', '1998-01-15');
    

    INSERT INTO Patient (Patient_ID, First_Name, Middle_Name, Last_Name, Address, Gender, Contact_Number, Email, Birth_Date)
    VALUES ('P00069', 'Cody', 'Melissa', 'Baldwin', 'PSC 7264, Box 8321
APO AA 58237',
            'Male', '680-566-8289x20', 'taylormyers@gmail.com', '1922-08-16');
    

    INSERT INTO Patient (Patient_ID, First_Name, Middle_Name, Last_Name, Address, Gender, Contact_Number, Email, Birth_Date)
    VALUES ('P00070', 'Amanda', 'David', 'Nunez', '33319 Russell Village
New James, CO 25596',
            'Male', '829-389-8969', 'emily79@gmail.com', '1957-01-31');
    

    INSERT INTO Patient (Patient_ID, First_Name, Middle_Name, Last_Name, Address, Gender, Contact_Number, Email, Birth_Date)
    VALUES ('P00071', 'Michael', 'Kayla', 'Harris', '3830 Joel Mountains
New Joshuaport, MA 97233',
            'Male', '001-419-175-991', 'douglas52@gmail.com', '1978-06-19');
    

    INSERT INTO Patient (Patient_ID, First_Name, Middle_Name, Last_Name, Address, Gender, Contact_Number, Email, Birth_Date)
    VALUES ('P00072', 'Marc', 'Frances', 'Jones', 'PSC 3348, Box 6660
APO AE 58287',
            'Male', '428-397-5292', 'joyce12@gmail.com', '1969-06-04');
    

    INSERT INTO Patient (Patient_ID, First_Name, Middle_Name, Last_Name, Address, Gender, Contact_Number, Email, Birth_Date)
    VALUES ('P00073', 'Sabrina', 'Amanda', 'Giles', '9151 Troy Pike Apt. 091
Underwoodshire, UT 74227',
            'Male', '(231)982-7303x2', 'garciacody@mcdonald.com', '2005-09-26');
    

    INSERT INTO Patient (Patient_ID, First_Name, Middle_Name, Last_Name, Address, Gender, Contact_Number, Email, Birth_Date)
    VALUES ('P00074', 'Charles', 'Maria', 'Hayes', '660 Delgado Forest Apt. 923
South Luis, AL 33332',
            'Female', '(988)259-8634x1', 'richardsonshannon@yahoo.com', '1996-11-24');
    

    INSERT INTO Patient (Patient_ID, First_Name, Middle_Name, Last_Name, Address, Gender, Contact_Number, Email, Birth_Date)
    VALUES ('P00075', 'Seth', 'Crystal', 'Wise', '9983 Mary Grove Apt. 643
Beardview, MO 17895',
            'Female', '+1-742-035-4106', 'robert21@howard.info', '1969-06-02');
    

    INSERT INTO Patient (Patient_ID, First_Name, Middle_Name, Last_Name, Address, Gender, Contact_Number, Email, Birth_Date)
    VALUES ('P00076', 'Glenn', 'Mary', 'Patterson', '118 Anderson Bridge Suite 736
South Brianport, GA 40002',
            'Male', '818-502-0155x73', 'kgreen@yahoo.com', '1963-10-30');
    

    INSERT INTO Patient (Patient_ID, First_Name, Middle_Name, Last_Name, Address, Gender, Contact_Number, Email, Birth_Date)
    VALUES ('P00077', 'Alexis', 'Adam', 'Rivera', '411 Yang Gardens
Lake Franklinburgh, NH 34295',
            'Male', '001-279-086-011', 'pperez@hotmail.com', '1978-01-11');
    

    INSERT INTO Patient (Patient_ID, First_Name, Middle_Name, Last_Name, Address, Gender, Contact_Number, Email, Birth_Date)
    VALUES ('P00078', 'Anita', 'Micheal', 'Coleman', '345 Kennedy Walk Suite 454
East Natasha, NH 42911',
            'Female', '+1-057-943-0178', 'antoniogutierrez@yahoo.com', '2017-02-21');
    

    INSERT INTO Patient (Patient_ID, First_Name, Middle_Name, Last_Name, Address, Gender, Contact_Number, Email, Birth_Date)
    VALUES ('P00079', 'Stephanie', 'Scott', 'Smith', '2188 Austin Fords
South Andrewfort, WA 45423',
            'Female', '001-039-467-841', 'justinbonilla@hotmail.com', '1909-06-07');
    

    INSERT INTO Patient (Patient_ID, First_Name, Middle_Name, Last_Name, Address, Gender, Contact_Number, Email, Birth_Date)
    VALUES ('P00080', 'Courtney', 'Cynthia', 'Nunez', '9947 Torres Viaduct Apt. 506
Benjaminport, TX 30222',
            'Female', '360-952-2711x29', 'lleonard@sanders-collins.net', '1914-07-01');
    

    INSERT INTO Patient (Patient_ID, First_Name, Middle_Name, Last_Name, Address, Gender, Contact_Number, Email, Birth_Date)
    VALUES ('P00081', 'Erik', 'Eric', 'Kemp', '444 Johnson Viaduct Suite 571
Port Debraport, NH 83547',
            'Female', '836-160-0150x44', 'moorebrittney@harrison.org', '1928-04-18');
    

    INSERT INTO Patient (Patient_ID, First_Name, Middle_Name, Last_Name, Address, Gender, Contact_Number, Email, Birth_Date)
    VALUES ('P00082', 'Andrew', 'Julia', 'Taylor', '131 Reynolds Crescent
Robbinsmouth, VA 22528',
            'Female', '+1-125-682-1808', 'danielvirginia@rice-nguyen.org', '1983-09-27');
    

    INSERT INTO Patient (Patient_ID, First_Name, Middle_Name, Last_Name, Address, Gender, Contact_Number, Email, Birth_Date)
    VALUES ('P00083', 'Philip', 'Kristopher', 'Knight', '4585 Alan Divide Suite 322
Port Tracyfort, DC 36613',
            'Male', '202-553-1872x45', 'michaelross@bernard.net', '1957-12-02');
    

    INSERT INTO Patient (Patient_ID, First_Name, Middle_Name, Last_Name, Address, Gender, Contact_Number, Email, Birth_Date)
    VALUES ('P00084', 'Anthony', 'Martin', 'Long', 'Unit 6842 Box 4041
DPO AA 85508',
            'Female', '(043)245-8127x3', 'lisa04@gmail.com', '1913-06-07');
    

    INSERT INTO Patient (Patient_ID, First_Name, Middle_Name, Last_Name, Address, Gender, Contact_Number, Email, Birth_Date)
    VALUES ('P00085', 'Lauren', 'Eric', 'Jackson', '83787 Stuart Key
Davetown, MN 24886',
            'Male', '369.039.7662x26', 'bryan29@turner.com', '1922-10-13');
    

    INSERT INTO Patient (Patient_ID, First_Name, Middle_Name, Last_Name, Address, Gender, Contact_Number, Email, Birth_Date)
    VALUES ('P00086', 'Wendy', 'John', 'Sanders', '8677 John Island Suite 446
South Sharonhaven, ID 55797',
            'Female', '600-681-4007x68', 'upeters@hotmail.com', '1973-12-23');
    

    INSERT INTO Patient (Patient_ID, First_Name, Middle_Name, Last_Name, Address, Gender, Contact_Number, Email, Birth_Date)
    VALUES ('P00087', 'Belinda', 'Linda', 'Fischer', '6131 Kristina Motorway
South Leslie, UT 20755',
            'Female', '475.830.5846x89', 'dustinpeck@williams.info', '1919-12-16');
    

    INSERT INTO Patient (Patient_ID, First_Name, Middle_Name, Last_Name, Address, Gender, Contact_Number, Email, Birth_Date)
    VALUES ('P00088', 'Ashley', 'Brent', 'Fuller', '45275 Mark Courts Apt. 449
Henrytown, WV 62767',
            'Male', '(631)647-6762x6', 'pachecosteven@yahoo.com', '1948-12-31');
    

    INSERT INTO Patient (Patient_ID, First_Name, Middle_Name, Last_Name, Address, Gender, Contact_Number, Email, Birth_Date)
    VALUES ('P00089', 'Lauren', 'Shannon', 'Sanchez', '537 Collin Radial
Danielburgh, TN 41934',
            'Male', '(451)165-5450', 'danielle28@alvarez.com', '2006-05-20');
    

    INSERT INTO Patient (Patient_ID, First_Name, Middle_Name, Last_Name, Address, Gender, Contact_Number, Email, Birth_Date)
    VALUES ('P00090', 'Alexandra', 'Jordan', 'Thornton', '7722 Sandra Drive
Port Richardville, CO 76091',
            'Male', '001-134-628-745', 'patricia22@hotmail.com', '1921-01-01');
    

    INSERT INTO Patient (Patient_ID, First_Name, Middle_Name, Last_Name, Address, Gender, Contact_Number, Email, Birth_Date)
    VALUES ('P00091', 'Jason', 'Abigail', 'Valenzuela', '158 Robles Hollow Suite 025
South Jeremy, CA 16970',
            'Female', '001-761-531-523', 'kim09@hotmail.com', '1993-12-17');
    

    INSERT INTO Patient (Patient_ID, First_Name, Middle_Name, Last_Name, Address, Gender, Contact_Number, Email, Birth_Date)
    VALUES ('P00092', 'Sabrina', 'Joseph', 'Mason', '7210 Moreno Pines
Bergmouth, WY 44788',
            'Male', '572.807.2018', 'kathyrodriguez@solomon-contreras.com', '2001-03-29');
    

    INSERT INTO Patient (Patient_ID, First_Name, Middle_Name, Last_Name, Address, Gender, Contact_Number, Email, Birth_Date)
    VALUES ('P00093', 'Brandon', 'Jerry', 'Thompson', '895 Clark Stravenue Apt. 939
South Joannchester, WI 26868',
            'Male', '925-447-5867', 'zachary47@hotmail.com', '1954-07-16');
    

    INSERT INTO Patient (Patient_ID, First_Name, Middle_Name, Last_Name, Address, Gender, Contact_Number, Email, Birth_Date)
    VALUES ('P00094', 'Richard', 'Matthew', 'Powell', 'PSC 4037, Box 4662
APO AE 63064',
            'Female', '293.148.8292', 'olsonjohn@gmail.com', '1925-02-28');
    

    INSERT INTO Patient (Patient_ID, First_Name, Middle_Name, Last_Name, Address, Gender, Contact_Number, Email, Birth_Date)
    VALUES ('P00095', 'Megan', 'Brian', 'Johnson', '192 Anna Rue
Michaelville, NM 16965',
            'Male', '983-939-9794x12', 'sandybaker@nguyen.net', '1922-12-17');
    

    INSERT INTO Patient (Patient_ID, First_Name, Middle_Name, Last_Name, Address, Gender, Contact_Number, Email, Birth_Date)
    VALUES ('P00096', 'Karen', 'Randy', 'Brown', '6915 Timothy Park
Johnton, MA 22654',
            'Female', '847-092-2895', 'moodylori@yahoo.com', '1973-01-25');
    

    INSERT INTO Patient (Patient_ID, First_Name, Middle_Name, Last_Name, Address, Gender, Contact_Number, Email, Birth_Date)
    VALUES ('P00097', 'Justin', 'Richard', 'Johnson', 'PSC 1245, Box 4927
APO AA 01407',
            'Female', '+1-526-042-9216', 'vunderwood@holt.com', '1989-10-05');
    

    INSERT INTO Patient (Patient_ID, First_Name, Middle_Name, Last_Name, Address, Gender, Contact_Number, Email, Birth_Date)
    VALUES ('P00098', 'Gary', 'Christopher', 'Allen', '65459 Ramos Path
West Morganchester, IN 99716',
            'Male', '001-708-965-395', 'jill24@page-dean.com', '1964-07-24');
    

    INSERT INTO Patient (Patient_ID, First_Name, Middle_Name, Last_Name, Address, Gender, Contact_Number, Email, Birth_Date)
    VALUES ('P00099', 'Anthony', 'Stephanie', 'Colon', '1193 Jason Summit Suite 891
Port Paula, PA 77615',
            'Male', '+1-074-380-7100', 'abigailandrews@hotmail.com', '1921-04-09');
    

    INSERT INTO Patient (Patient_ID, First_Name, Middle_Name, Last_Name, Address, Gender, Contact_Number, Email, Birth_Date)
    VALUES ('P00100', 'Edward', 'Meghan', 'Aguirre', '483 Smith Loop Suite 154
Loriport, FL 46652',
            'Male', '0960636974', 'hannahgibson@wong.com', '2017-11-24');
    
    INSERT INTO Patient (Patient_ID, First_Name, Middle_Name, Last_Name, Address, Gender, Contact_Number, Email, Birth_Date)
VALUES ('P00101', 'Teresa', 'Angela', 'Williams', '623 Darlene Vista Suite 982\nLake Brent, CT 77307',
        'Male', '3911033235', 'lmiller@gmail.com', '1952-03-10');

INSERT INTO Appointment (Appointment_ID, Patient_ID, Schedule, Status)
VALUES ('A00148', 'P00101', '2025-05-06 10:00:00', 'Scheduled');

INSERT INTO Patient (Patient_ID, First_Name, Middle_Name, Last_Name, Address, Gender, Contact_Number, Email, Birth_Date)
VALUES ('P00102', 'Dawn', 'Paul', 'Dixon', '4021 Benton Haven\nSouth Diane, ID 85744',
        'Female', '001-311-627-987', 'vhernandez@williams.com', '1944-09-16');

INSERT INTO Appointment (Appointment_ID, Patient_ID, Schedule, Status)
VALUES ('A00149', 'P00102', '2025-05-06 10:00:00', 'Scheduled');

INSERT INTO Patient (Patient_ID, First_Name, Middle_Name, Last_Name, Address, Gender, Contact_Number, Email, Birth_Date)
VALUES ('P00103', 'Mark', 'David', 'Harrell', '469 Simpson Inlet Apt. 072\nLake Antonioview, DE 82816',
        'Female', '338.464.7799x63', 'kylerobinson@hotmail.com', '1968-07-25');

INSERT INTO Appointment (Appointment_ID, Patient_ID, Schedule, Status)
VALUES ('A00150', 'P00103', '2025-05-06 10:00:00', 'Scheduled');

INSERT INTO Patient (Patient_ID, First_Name, Middle_Name, Last_Name, Address, Gender, Contact_Number, Email, Birth_Date)
VALUES ('P00104', 'Paige', 'Amber', 'Lewis', '50218 Daniel Causeway\nEast Nicholasport, NV 13927',
        'Male', '998.803.2097', 'nicole92@hotmail.com', '1990-10-20');

INSERT INTO Appointment (Appointment_ID, Patient_ID, Schedule, Status)
VALUES ('A00151', 'P00104', '2025-05-06 10:00:00', 'Scheduled');

INSERT INTO Patient (Patient_ID, First_Name, Middle_Name, Last_Name, Address, Gender, Contact_Number, Email, Birth_Date)
VALUES ('P00105', 'Phillip', 'Leslie', 'Jackson', '09043 Jordan Mission Suite 349\nMcculloughport, IN 78474',
        'Female', '+1-616-631-5930', 'lovemichael@harris.info', '1968-03-30');

INSERT INTO Appointment (Appointment_ID, Patient_ID, Schedule, Status)
VALUES ('A00152', 'P00105', '2025-05-06 10:00:00', 'Scheduled');

INSERT INTO Patient (Patient_ID, First_Name, Middle_Name, Last_Name, Address, Gender, Contact_Number, Email, Birth_Date)
VALUES ('P00106', 'Monique', 'Joshua', 'Ponce', 'USCGC Riley\nFPO AP 16893',
        'Female', '1205958763', 'kellyerika@yahoo.com', '1998-11-09');

INSERT INTO Appointment (Appointment_ID, Patient_ID, Schedule, Status)
VALUES ('A00153', 'P00106', '2025-05-06 10:00:00', 'Scheduled');

INSERT INTO Patient (Patient_ID, First_Name, Middle_Name, Last_Name, Address, Gender, Contact_Number, Email, Birth_Date)
VALUES ('P00107', 'Diane', 'Wendy', 'Burke', '242 Scott Shoal\nWest Ryanchester, AL 65745',
        'Female', '843.098.4165', 'jennifer63@yahoo.com', '1910-06-08');

INSERT INTO Appointment (Appointment_ID, Patient_ID, Schedule, Status)
VALUES ('A00154', 'P00107', '2025-05-06 10:00:00', 'Scheduled');

INSERT INTO Patient (Patient_ID, First_Name, Middle_Name, Last_Name, Address, Gender, Contact_Number, Email, Birth_Date)
VALUES ('P00108', 'Brian', 'Cindy', 'Graves', 'USCGC Rodriguez\nFPO AA 82774',
        'Male', '555.525.5145', 'nicole69@yahoo.com', '1939-05-21');

INSERT INTO Appointment (Appointment_ID, Patient_ID, Schedule, Status)
VALUES ('A00155', 'P00108', '2025-05-06 10:00:00', 'Scheduled');

INSERT INTO Patient (Patient_ID, First_Name, Middle_Name, Last_Name, Address, Gender, Contact_Number, Email, Birth_Date)
VALUES ('P00109', 'Chelsea', 'Jerry', 'Choi', '2400 Michael Shoals\nLake Shannonton, FL 64360',
        'Female', '351.147.7465', 'schroederdavid@miller-daniels.com', '1980-05-12');

INSERT INTO Appointment (Appointment_ID, Patient_ID, Schedule, Status)
VALUES ('A00156', 'P00109', '2025-05-06 10:00:00', 'Scheduled');

INSERT INTO Patient (Patient_ID, First_Name, Middle_Name, Last_Name, Address, Gender, Contact_Number, Email, Birth_Date)
VALUES ('P00110', 'Victoria', 'Wendy', 'Padilla', '4452 Robinson Highway\nRossmouth, CT 88420',
        'Male', '832-739-5402', 'sean94@burton.com', '1988-02-16');

INSERT INTO Appointment (Appointment_ID, Patient_ID, Schedule, Status)
VALUES ('A00157', 'P00110', '2025-05-06 10:00:00', 'Scheduled');


        INSERT INTO Appointment (Appointment_ID, Patient_ID, Schedule, Status)
        VALUES ('A00001', 'P00001', '2024-06-10 10:39:14', 'Scheduled');
        

        INSERT INTO Appointment (Appointment_ID, Patient_ID, Schedule, Status)
        VALUES ('A00002', 'P00002', '2024-06-24 14:35:20', 'Scheduled');
        

        INSERT INTO Appointment (Appointment_ID, Patient_ID, Schedule, Status)
        VALUES ('A00003', 'P00003', '2024-10-05 22:10:24', 'Cancelled');
        

        INSERT INTO Appointment (Appointment_ID, Patient_ID, Schedule, Status)
        VALUES ('A00004', 'P00004', '2024-10-02 03:29:31', 'Cancelled');
        

        INSERT INTO Appointment (Appointment_ID, Patient_ID, Schedule, Status)
        VALUES ('A00005', 'P00005', '2024-12-24 06:55:13', 'Completed');
        

        INSERT INTO Appointment (Appointment_ID, Patient_ID, Schedule, Status)
        VALUES ('A00006', 'P00006', '2024-07-13 04:58:35', 'Completed');
        

        INSERT INTO Appointment (Appointment_ID, Patient_ID, Schedule, Status)
        VALUES ('A00007', 'P00007', '2025-02-15 04:54:42', 'Scheduled');
        

        INSERT INTO Appointment (Appointment_ID, Patient_ID, Schedule, Status)
        VALUES ('A00008', 'P00008', '2024-07-30 12:55:02', 'Scheduled');
        

        INSERT INTO Appointment (Appointment_ID, Patient_ID, Schedule, Status)
        VALUES ('A00009', 'P00009', '2025-01-13 22:22:28', 'Cancelled');
        

        INSERT INTO Appointment (Appointment_ID, Patient_ID, Schedule, Status)
        VALUES ('A00010', 'P00010', '2024-12-04 23:10:38', 'Completed');
        

        INSERT INTO Appointment (Appointment_ID, Patient_ID, Schedule, Status)
        VALUES ('A00011', 'P00011', '2024-06-16 21:33:25', 'Cancelled');
        

        INSERT INTO Appointment (Appointment_ID, Patient_ID, Schedule, Status)
        VALUES ('A00012', 'P00012', '2024-05-17 17:20:52', 'Cancelled');
        

        INSERT INTO Appointment (Appointment_ID, Patient_ID, Schedule, Status)
        VALUES ('A00013', 'P00013', '2025-04-07 09:33:45', 'Cancelled');
        

        INSERT INTO Appointment (Appointment_ID, Patient_ID, Schedule, Status)
        VALUES ('A00014', 'P00014', '2024-05-22 00:36:50', 'Cancelled');
        

        INSERT INTO Appointment (Appointment_ID, Patient_ID, Schedule, Status)
        VALUES ('A00015', 'P00014', '2024-10-06 08:33:12', 'Scheduled');
        

        INSERT INTO Appointment (Appointment_ID, Patient_ID, Schedule, Status)
        VALUES ('A00016', 'P00015', '2024-10-10 13:52:26', 'Scheduled');
        

        INSERT INTO Appointment (Appointment_ID, Patient_ID, Schedule, Status)
        VALUES ('A00017', 'P00015', '2025-03-19 04:29:11', 'Scheduled');
        

        INSERT INTO Appointment (Appointment_ID, Patient_ID, Schedule, Status)
        VALUES ('A00018', 'P00016', '2024-08-24 01:04:05', 'Cancelled');
        

        INSERT INTO Appointment (Appointment_ID, Patient_ID, Schedule, Status)
        VALUES ('A00019', 'P00017', '2024-07-11 14:47:39', 'Completed');
        

        INSERT INTO Appointment (Appointment_ID, Patient_ID, Schedule, Status)
        VALUES ('A00020', 'P00017', '2025-03-29 05:47:38', 'Completed');
        

        INSERT INTO Appointment (Appointment_ID, Patient_ID, Schedule, Status)
        VALUES ('A00021', 'P00018', '2024-09-30 20:02:53', 'Scheduled');
        

        INSERT INTO Appointment (Appointment_ID, Patient_ID, Schedule, Status)
        VALUES ('A00022', 'P00019', '2024-05-16 08:36:37', 'Scheduled');
        

        INSERT INTO Appointment (Appointment_ID, Patient_ID, Schedule, Status)
        VALUES ('A00023', 'P00019', '2025-01-21 12:22:54', 'Cancelled');
        

        INSERT INTO Appointment (Appointment_ID, Patient_ID, Schedule, Status)
        VALUES ('A00024', 'P00020', '2024-09-06 23:20:31', 'Cancelled');
        

        INSERT INTO Appointment (Appointment_ID, Patient_ID, Schedule, Status)
        VALUES ('A00025', 'P00021', '2025-01-05 20:19:01', 'Scheduled');
        

        INSERT INTO Appointment (Appointment_ID, Patient_ID, Schedule, Status)
        VALUES ('A00026', 'P00021', '2024-10-16 05:50:28', 'Completed');
        

        INSERT INTO Appointment (Appointment_ID, Patient_ID, Schedule, Status)
        VALUES ('A00027', 'P00022', '2024-11-23 14:57:01', 'Cancelled');
        

        INSERT INTO Appointment (Appointment_ID, Patient_ID, Schedule, Status)
        VALUES ('A00028', 'P00022', '2024-07-23 04:50:41', 'Completed');
        

        INSERT INTO Appointment (Appointment_ID, Patient_ID, Schedule, Status)
        VALUES ('A00029', 'P00023', '2025-04-29 15:44:50', 'Cancelled');
        

        INSERT INTO Appointment (Appointment_ID, Patient_ID, Schedule, Status)
        VALUES ('A00030', 'P00024', '2024-11-21 17:14:19', 'Scheduled');
        

        INSERT INTO Appointment (Appointment_ID, Patient_ID, Schedule, Status)
        VALUES ('A00031', 'P00025', '2025-03-17 07:44:54', 'Scheduled');
        

        INSERT INTO Appointment (Appointment_ID, Patient_ID, Schedule, Status)
        VALUES ('A00032', 'P00026', '2024-09-21 12:10:09', 'Cancelled');
        

        INSERT INTO Appointment (Appointment_ID, Patient_ID, Schedule, Status)
        VALUES ('A00033', 'P00026', '2024-12-23 13:13:16', 'Completed');
        

        INSERT INTO Appointment (Appointment_ID, Patient_ID, Schedule, Status)
        VALUES ('A00034', 'P00027', '2024-08-09 16:55:51', 'Cancelled');
        

        INSERT INTO Appointment (Appointment_ID, Patient_ID, Schedule, Status)
        VALUES ('A00035', 'P00028', '2025-01-24 07:46:13', 'Cancelled');
        

        INSERT INTO Appointment (Appointment_ID, Patient_ID, Schedule, Status)
        VALUES ('A00036', 'P00028', '2024-05-18 16:02:15', 'Scheduled');
        

        INSERT INTO Appointment (Appointment_ID, Patient_ID, Schedule, Status)
        VALUES ('A00037', 'P00029', '2024-10-14 09:24:35', 'Completed');
        

        INSERT INTO Appointment (Appointment_ID, Patient_ID, Schedule, Status)
        VALUES ('A00038', 'P00030', '2024-11-13 09:24:26', 'Cancelled');
        

        INSERT INTO Appointment (Appointment_ID, Patient_ID, Schedule, Status)
        VALUES ('A00039', 'P00030', '2024-11-21 08:03:50', 'Cancelled');
        

        INSERT INTO Appointment (Appointment_ID, Patient_ID, Schedule, Status)
        VALUES ('A00040', 'P00031', '2025-01-05 21:54:11', 'Cancelled');
        

        INSERT INTO Appointment (Appointment_ID, Patient_ID, Schedule, Status)
        VALUES ('A00041', 'P00031', '2024-05-24 16:00:29', 'Completed');
        

        INSERT INTO Appointment (Appointment_ID, Patient_ID, Schedule, Status)
        VALUES ('A00042', 'P00032', '2025-03-27 08:40:53', 'Cancelled');
        

        INSERT INTO Appointment (Appointment_ID, Patient_ID, Schedule, Status)
        VALUES ('A00043', 'P00032', '2025-03-23 18:55:16', 'Completed');
        

        INSERT INTO Appointment (Appointment_ID, Patient_ID, Schedule, Status)
        VALUES ('A00044', 'P00033', '2024-07-22 19:24:08', 'Cancelled');
        

        INSERT INTO Appointment (Appointment_ID, Patient_ID, Schedule, Status)
        VALUES ('A00045', 'P00034', '2024-09-14 12:35:59', 'Completed');
        

        INSERT INTO Appointment (Appointment_ID, Patient_ID, Schedule, Status)
        VALUES ('A00046', 'P00035', '2024-10-30 21:46:12', 'Completed');
        

        INSERT INTO Appointment (Appointment_ID, Patient_ID, Schedule, Status)
        VALUES ('A00047', 'P00036', '2025-02-12 20:20:56', 'Cancelled');
        

        INSERT INTO Appointment (Appointment_ID, Patient_ID, Schedule, Status)
        VALUES ('A00048', 'P00037', '2024-07-16 14:51:23', 'Scheduled');
        

        INSERT INTO Appointment (Appointment_ID, Patient_ID, Schedule, Status)
        VALUES ('A00049', 'P00037', '2024-12-12 16:45:16', 'Scheduled');
        

        INSERT INTO Appointment (Appointment_ID, Patient_ID, Schedule, Status)
        VALUES ('A00050', 'P00038', '2024-07-21 17:30:39', 'Completed');
        

        INSERT INTO Appointment (Appointment_ID, Patient_ID, Schedule, Status)
        VALUES ('A00051', 'P00038', '2024-07-27 14:48:50', 'Cancelled');
        

        INSERT INTO Appointment (Appointment_ID, Patient_ID, Schedule, Status)
        VALUES ('A00052', 'P00039', '2024-05-20 00:01:56', 'Cancelled');
        

        INSERT INTO Appointment (Appointment_ID, Patient_ID, Schedule, Status)
        VALUES ('A00053', 'P00039', '2024-07-22 19:52:56', 'Completed');
        

        INSERT INTO Appointment (Appointment_ID, Patient_ID, Schedule, Status)
        VALUES ('A00054', 'P00040', '2024-06-21 10:19:42', 'Cancelled');
        

        INSERT INTO Appointment (Appointment_ID, Patient_ID, Schedule, Status)
        VALUES ('A00055', 'P00041', '2024-08-28 04:36:09', 'Completed');
        

        INSERT INTO Appointment (Appointment_ID, Patient_ID, Schedule, Status)
        VALUES ('A00056', 'P00041', '2025-02-24 06:29:22', 'Cancelled');
        

        INSERT INTO Appointment (Appointment_ID, Patient_ID, Schedule, Status)
        VALUES ('A00057', 'P00042', '2024-09-08 19:06:47', 'Cancelled');
        

        INSERT INTO Appointment (Appointment_ID, Patient_ID, Schedule, Status)
        VALUES ('A00058', 'P00042', '2024-09-11 06:50:28', 'Scheduled');
        

        INSERT INTO Appointment (Appointment_ID, Patient_ID, Schedule, Status)
        VALUES ('A00059', 'P00043', '2025-02-14 18:36:11', 'Cancelled');
        

        INSERT INTO Appointment (Appointment_ID, Patient_ID, Schedule, Status)
        VALUES ('A00060', 'P00044', '2024-09-01 11:57:14', 'Cancelled');
        

        INSERT INTO Appointment (Appointment_ID, Patient_ID, Schedule, Status)
        VALUES ('A00061', 'P00045', '2025-03-10 14:53:09', 'Scheduled');
        

        INSERT INTO Appointment (Appointment_ID, Patient_ID, Schedule, Status)
        VALUES ('A00062', 'P00045', '2024-07-01 00:34:02', 'Scheduled');
        

        INSERT INTO Appointment (Appointment_ID, Patient_ID, Schedule, Status)
        VALUES ('A00063', 'P00046', '2024-07-15 05:50:21', 'Cancelled');
        

        INSERT INTO Appointment (Appointment_ID, Patient_ID, Schedule, Status)
        VALUES ('A00064', 'P00047', '2024-12-15 23:44:24', 'Completed');
        

        INSERT INTO Appointment (Appointment_ID, Patient_ID, Schedule, Status)
        VALUES ('A00065', 'P00047', '2025-02-09 23:39:27', 'Cancelled');
        

        INSERT INTO Appointment (Appointment_ID, Patient_ID, Schedule, Status)
        VALUES ('A00066', 'P00048', '2024-10-14 08:21:08', 'Scheduled');
        

        INSERT INTO Appointment (Appointment_ID, Patient_ID, Schedule, Status)
        VALUES ('A00067', 'P00048', '2024-08-21 05:16:07', 'Completed');
        

        INSERT INTO Appointment (Appointment_ID, Patient_ID, Schedule, Status)
        VALUES ('A00068', 'P00049', '2024-05-27 14:34:41', 'Cancelled');
        

        INSERT INTO Appointment (Appointment_ID, Patient_ID, Schedule, Status)
        VALUES ('A00069', 'P00049', '2024-10-01 17:26:17', 'Cancelled');
        

        INSERT INTO Appointment (Appointment_ID, Patient_ID, Schedule, Status)
        VALUES ('A00070', 'P00050', '2025-03-11 22:33:16', 'Scheduled');
        

        INSERT INTO Appointment (Appointment_ID, Patient_ID, Schedule, Status)
        VALUES ('A00071', 'P00051', '2025-03-15 18:55:53', 'Scheduled');
        

        INSERT INTO Appointment (Appointment_ID, Patient_ID, Schedule, Status)
        VALUES ('A00072', 'P00051', '2024-06-18 01:30:47', 'Completed');
        

        INSERT INTO Appointment (Appointment_ID, Patient_ID, Schedule, Status)
        VALUES ('A00073', 'P00052', '2025-02-24 01:06:18', 'Completed');
        

        INSERT INTO Appointment (Appointment_ID, Patient_ID, Schedule, Status)
        VALUES ('A00074', 'P00053', '2024-12-13 01:32:24', 'Cancelled');
        

        INSERT INTO Appointment (Appointment_ID, Patient_ID, Schedule, Status)
        VALUES ('A00075', 'P00053', '2025-03-09 23:37:12', 'Cancelled');
        

        INSERT INTO Appointment (Appointment_ID, Patient_ID, Schedule, Status)
        VALUES ('A00076', 'P00054', '2025-04-04 03:43:30', 'Scheduled');
        

        INSERT INTO Appointment (Appointment_ID, Patient_ID, Schedule, Status)
        VALUES ('A00077', 'P00055', '2025-04-27 14:41:21', 'Completed');
        

        INSERT INTO Appointment (Appointment_ID, Patient_ID, Schedule, Status)
        VALUES ('A00078', 'P00055', '2024-11-15 10:17:04', 'Completed');
        

        INSERT INTO Appointment (Appointment_ID, Patient_ID, Schedule, Status)
        VALUES ('A00079', 'P00056', '2024-07-08 04:17:03', 'Scheduled');
        

        INSERT INTO Appointment (Appointment_ID, Patient_ID, Schedule, Status)
        VALUES ('A00080', 'P00056', '2025-03-09 20:57:10', 'Completed');
        

        INSERT INTO Appointment (Appointment_ID, Patient_ID, Schedule, Status)
        VALUES ('A00081', 'P00057', '2024-09-30 17:15:53', 'Cancelled');
        

        INSERT INTO Appointment (Appointment_ID, Patient_ID, Schedule, Status)
        VALUES ('A00082', 'P00058', '2025-03-07 03:49:39', 'Cancelled');
        

        INSERT INTO Appointment (Appointment_ID, Patient_ID, Schedule, Status)
        VALUES ('A00083', 'P00059', '2024-07-31 08:25:20', 'Scheduled');
        

        INSERT INTO Appointment (Appointment_ID, Patient_ID, Schedule, Status)
        VALUES ('A00084', 'P00060', '2024-10-12 09:11:16', 'Cancelled');
        

        INSERT INTO Appointment (Appointment_ID, Patient_ID, Schedule, Status)
        VALUES ('A00085', 'P00060', '2025-02-25 23:16:30', 'Completed');
        

        INSERT INTO Appointment (Appointment_ID, Patient_ID, Schedule, Status)
        VALUES ('A00086', 'P00061', '2024-10-03 11:57:47', 'Scheduled');
        

        INSERT INTO Appointment (Appointment_ID, Patient_ID, Schedule, Status)
        VALUES ('A00087', 'P00061', '2024-06-25 03:23:22', 'Scheduled');
        

        INSERT INTO Appointment (Appointment_ID, Patient_ID, Schedule, Status)
        VALUES ('A00088', 'P00062', '2024-12-09 15:56:10', 'Cancelled');
        

        INSERT INTO Appointment (Appointment_ID, Patient_ID, Schedule, Status)
        VALUES ('A00089', 'P00063', '2025-01-06 12:36:04', 'Cancelled');
        

        INSERT INTO Appointment (Appointment_ID, Patient_ID, Schedule, Status)
        VALUES ('A00090', 'P00064', '2024-10-25 00:26:47', 'Scheduled');
        

        INSERT INTO Appointment (Appointment_ID, Patient_ID, Schedule, Status)
        VALUES ('A00091', 'P00065', '2025-04-14 07:42:23', 'Cancelled');
        

        INSERT INTO Appointment (Appointment_ID, Patient_ID, Schedule, Status)
        VALUES ('A00092', 'P00066', '2025-01-03 01:40:45', 'Completed');
        

        INSERT INTO Appointment (Appointment_ID, Patient_ID, Schedule, Status)
        VALUES ('A00093', 'P00067', '2025-01-28 14:59:45', 'Cancelled');
        

        INSERT INTO Appointment (Appointment_ID, Patient_ID, Schedule, Status)
        VALUES ('A00094', 'P00067', '2025-03-18 04:22:58', 'Scheduled');
        

        INSERT INTO Appointment (Appointment_ID, Patient_ID, Schedule, Status)
        VALUES ('A00095', 'P00068', '2024-09-23 23:34:21', 'Completed');
        

        INSERT INTO Appointment (Appointment_ID, Patient_ID, Schedule, Status)
        VALUES ('A00096', 'P00069', '2025-04-28 00:53:18', 'Cancelled');
        

        INSERT INTO Appointment (Appointment_ID, Patient_ID, Schedule, Status)
        VALUES ('A00097', 'P00069', '2024-05-24 00:16:56', 'Scheduled');
        

        INSERT INTO Appointment (Appointment_ID, Patient_ID, Schedule, Status)
        VALUES ('A00098', 'P00070', '2025-01-10 23:42:33', 'Completed');
        

        INSERT INTO Appointment (Appointment_ID, Patient_ID, Schedule, Status)
        VALUES ('A00099', 'P00071', '2024-12-31 16:47:12', 'Scheduled');
        

        INSERT INTO Appointment (Appointment_ID, Patient_ID, Schedule, Status)
        VALUES ('A00100', 'P00071', '2024-11-25 23:02:11', 'Completed');
        

        INSERT INTO Appointment (Appointment_ID, Patient_ID, Schedule, Status)
        VALUES ('A00101', 'P00072', '2024-08-02 13:58:02', 'Cancelled');
        

        INSERT INTO Appointment (Appointment_ID, Patient_ID, Schedule, Status)
        VALUES ('A00102', 'P00073', '2024-07-28 23:06:16', 'Scheduled');
        

        INSERT INTO Appointment (Appointment_ID, Patient_ID, Schedule, Status)
        VALUES ('A00103', 'P00073', '2024-11-21 09:06:29', 'Scheduled');
        

        INSERT INTO Appointment (Appointment_ID, Patient_ID, Schedule, Status)
        VALUES ('A00104', 'P00074', '2024-10-08 07:47:53', 'Scheduled');
        

        INSERT INTO Appointment (Appointment_ID, Patient_ID, Schedule, Status)
        VALUES ('A00105', 'P00074', '2024-11-10 23:30:55', 'Scheduled');
        

        INSERT INTO Appointment (Appointment_ID, Patient_ID, Schedule, Status)
        VALUES ('A00106', 'P00075', '2024-08-01 05:36:02', 'Scheduled');
        

        INSERT INTO Appointment (Appointment_ID, Patient_ID, Schedule, Status)
        VALUES ('A00107', 'P00076', '2024-12-14 04:43:16', 'Cancelled');
        

        INSERT INTO Appointment (Appointment_ID, Patient_ID, Schedule, Status)
        VALUES ('A00108', 'P00076', '2025-02-13 04:49:02', 'Completed');
        

        INSERT INTO Appointment (Appointment_ID, Patient_ID, Schedule, Status)
        VALUES ('A00109', 'P00077', '2024-06-05 12:44:04', 'Cancelled');
        

        INSERT INTO Appointment (Appointment_ID, Patient_ID, Schedule, Status)
        VALUES ('A00110', 'P00077', '2024-12-01 23:20:58', 'Scheduled');
        

        INSERT INTO Appointment (Appointment_ID, Patient_ID, Schedule, Status)
        VALUES ('A00111', 'P00078', '2024-06-18 06:25:53', 'Cancelled');
        

        INSERT INTO Appointment (Appointment_ID, Patient_ID, Schedule, Status)
        VALUES ('A00112', 'P00078', '2024-07-04 16:11:27', 'Cancelled');
        

        INSERT INTO Appointment (Appointment_ID, Patient_ID, Schedule, Status)
        VALUES ('A00113', 'P00079', '2025-04-12 18:59:48', 'Cancelled');
        

        INSERT INTO Appointment (Appointment_ID, Patient_ID, Schedule, Status)
        VALUES ('A00114', 'P00079', '2024-07-09 07:26:23', 'Completed');
        

        INSERT INTO Appointment (Appointment_ID, Patient_ID, Schedule, Status)
        VALUES ('A00115', 'P00080', '2024-08-31 22:44:02', 'Cancelled');
        

        INSERT INTO Appointment (Appointment_ID, Patient_ID, Schedule, Status)
        VALUES ('A00116', 'P00080', '2024-05-17 02:04:15', 'Scheduled');
        

        INSERT INTO Appointment (Appointment_ID, Patient_ID, Schedule, Status)
        VALUES ('A00117', 'P00081', '2024-09-07 02:03:46', 'Completed');
        

        INSERT INTO Appointment (Appointment_ID, Patient_ID, Schedule, Status)
        VALUES ('A00118', 'P00082', '2024-06-19 08:04:10', 'Scheduled');
        

        INSERT INTO Appointment (Appointment_ID, Patient_ID, Schedule, Status)
        VALUES ('A00119', 'P00082', '2024-06-26 02:22:35', 'Scheduled');
        

        INSERT INTO Appointment (Appointment_ID, Patient_ID, Schedule, Status)
        VALUES ('A00120', 'P00083', '2025-01-01 14:32:23', 'Completed');
        

        INSERT INTO Appointment (Appointment_ID, Patient_ID, Schedule, Status)
        VALUES ('A00121', 'P00084', '2025-01-08 18:44:00', 'Completed');
        

        INSERT INTO Appointment (Appointment_ID, Patient_ID, Schedule, Status)
        VALUES ('A00122', 'P00084', '2024-11-27 07:16:00', 'Completed');
        

        INSERT INTO Appointment (Appointment_ID, Patient_ID, Schedule, Status)
        VALUES ('A00123', 'P00085', '2025-01-01 13:37:40', 'Completed');
        

        INSERT INTO Appointment (Appointment_ID, Patient_ID, Schedule, Status)
        VALUES ('A00124', 'P00086', '2025-03-08 17:32:40', 'Scheduled');
        

        INSERT INTO Appointment (Appointment_ID, Patient_ID, Schedule, Status)
        VALUES ('A00125', 'P00087', '2024-07-14 22:24:46', 'Scheduled');
        

        INSERT INTO Appointment (Appointment_ID, Patient_ID, Schedule, Status)
        VALUES ('A00126', 'P00087', '2024-12-04 09:06:58', 'Scheduled');
        

        INSERT INTO Appointment (Appointment_ID, Patient_ID, Schedule, Status)
        VALUES ('A00127', 'P00088', '2024-10-14 17:54:29', 'Completed');
        

        INSERT INTO Appointment (Appointment_ID, Patient_ID, Schedule, Status)
        VALUES ('A00128', 'P00088', '2024-08-13 17:24:55', 'Completed');
        

        INSERT INTO Appointment (Appointment_ID, Patient_ID, Schedule, Status)
        VALUES ('A00129', 'P00089', '2024-05-11 06:30:31', 'Completed');
        

        INSERT INTO Appointment (Appointment_ID, Patient_ID, Schedule, Status)
        VALUES ('A00130', 'P00090', '2025-02-27 10:56:03', 'Completed');
        

        INSERT INTO Appointment (Appointment_ID, Patient_ID, Schedule, Status)
        VALUES ('A00131', 'P00091', '2025-03-08 09:44:07', 'Scheduled');
        

        INSERT INTO Appointment (Appointment_ID, Patient_ID, Schedule, Status)
        VALUES ('A00132', 'P00092', '2024-09-25 10:52:13', 'Scheduled');
        

        INSERT INTO Appointment (Appointment_ID, Patient_ID, Schedule, Status)
        VALUES ('A00133', 'P00092', '2024-06-28 15:03:20', 'Cancelled');
        

        INSERT INTO Appointment (Appointment_ID, Patient_ID, Schedule, Status)
        VALUES ('A00134', 'P00093', '2024-05-23 10:08:05', 'Completed');
        

        INSERT INTO Appointment (Appointment_ID, Patient_ID, Schedule, Status)
        VALUES ('A00135', 'P00094', '2024-11-22 04:19:35', 'Completed');
        

        INSERT INTO Appointment (Appointment_ID, Patient_ID, Schedule, Status)
        VALUES ('A00136', 'P00094', '2024-07-29 02:17:23', 'Completed');
        

        INSERT INTO Appointment (Appointment_ID, Patient_ID, Schedule, Status)
        VALUES ('A00137', 'P00095', '2025-02-07 22:33:29', 'Scheduled');
        

        INSERT INTO Appointment (Appointment_ID, Patient_ID, Schedule, Status)
        VALUES ('A00138', 'P00095', '2024-10-25 20:49:40', 'Scheduled');
        

        INSERT INTO Appointment (Appointment_ID, Patient_ID, Schedule, Status)
        VALUES ('A00139', 'P00096', '2025-01-20 04:56:04', 'Completed');
        

        INSERT INTO Appointment (Appointment_ID, Patient_ID, Schedule, Status)
        VALUES ('A00140', 'P00096', '2024-12-30 06:07:27', 'Completed');
        

        INSERT INTO Appointment (Appointment_ID, Patient_ID, Schedule, Status)
        VALUES ('A00141', 'P00097', '2024-08-19 00:33:49', 'Scheduled');
        

        INSERT INTO Appointment (Appointment_ID, Patient_ID, Schedule, Status)
        VALUES ('A00142', 'P00097', '2025-03-04 21:02:43', 'Completed');
        

        INSERT INTO Appointment (Appointment_ID, Patient_ID, Schedule, Status)
        VALUES ('A00143', 'P00098', '2024-10-14 23:55:52', 'Cancelled');
        

        INSERT INTO Appointment (Appointment_ID, Patient_ID, Schedule, Status)
        VALUES ('A00144', 'P00099', '2025-04-05 16:48:38', 'Completed');
        

        INSERT INTO Appointment (Appointment_ID, Patient_ID, Schedule, Status)
        VALUES ('A00145', 'P00099', '2025-05-04 14:52:10', 'Scheduled');
        

        INSERT INTO Appointment (Appointment_ID, Patient_ID, Schedule, Status)
        VALUES ('A00146', 'P00100', '2025-03-02 20:21:55', 'Completed');
        

        INSERT INTO Appointment (Appointment_ID, Patient_ID, Schedule, Status)
        VALUES ('A00147', 'P00100', '2024-05-29 10:26:27', 'Cancelled');
        

        INSERT INTO Treatment (Appointment_ID, Treatment_ID, Diagnosis, Cost, Treatment_Procedure, Treatment_Date_Time, Treatment_Status)
        VALUES ('A00001', 1, 'Operation cover program reason.', 904.9598, 'Executive', '2024-11-13 05:57:24', 'In-Progress');
        

        INSERT INTO Treatment (Appointment_ID, Treatment_ID, Diagnosis, Cost, Treatment_Procedure, Treatment_Date_Time, Treatment_Status)
        VALUES ('A00001', 2, 'Story around enter blue expect.', 664.0678, 'Whom', '2024-09-15 09:34:18', 'Canceled');
        

        INSERT INTO Treatment (Appointment_ID, Treatment_ID, Diagnosis, Cost, Treatment_Procedure, Treatment_Date_Time, Treatment_Status)
        VALUES ('A00001', 3, 'Drop store could her.', 825.5066, 'Nor', '2024-08-11 19:02:21', 'Completed');
        

        INSERT INTO Treatment (Appointment_ID, Treatment_ID, Diagnosis, Cost, Treatment_Procedure, Treatment_Date_Time, Treatment_Status)
        VALUES ('A00002', 1, 'Wife get hospital theory.', 826.9953, 'Relationship', '2024-05-23 03:05:01', 'In-Progress');
        

        INSERT INTO Treatment (Appointment_ID, Treatment_ID, Diagnosis, Cost, Treatment_Procedure, Treatment_Date_Time, Treatment_Status)
        VALUES ('A00003', 1, 'Its body source cut feel beat.', 298.9528, 'Book', '2024-11-16 08:58:01', 'Canceled');
        

        INSERT INTO Treatment (Appointment_ID, Treatment_ID, Diagnosis, Cost, Treatment_Procedure, Treatment_Date_Time, Treatment_Status)
        VALUES ('A00003', 2, 'Purpose good challenge business rule.', 107.0659, 'Success', '2025-02-17 05:05:10', 'Canceled');
        

        INSERT INTO Treatment (Appointment_ID, Treatment_ID, Diagnosis, Cost, Treatment_Procedure, Treatment_Date_Time, Treatment_Status)
        VALUES ('A00003', 3, 'Community tonight east trouble.', 600.8271, 'Win', '2024-12-01 11:13:35', 'Waiting');
        

        INSERT INTO Treatment (Appointment_ID, Treatment_ID, Diagnosis, Cost, Treatment_Procedure, Treatment_Date_Time, Treatment_Status)
        VALUES ('A00004', 1, 'Ready back song group environmental foreign.', 928.1374, 'Visit', '2024-06-15 06:15:53', 'In-Progress');
        

        INSERT INTO Treatment (Appointment_ID, Treatment_ID, Diagnosis, Cost, Treatment_Procedure, Treatment_Date_Time, Treatment_Status)
        VALUES ('A00004', 2, 'Less physical media.', 480.7343, 'At', '2025-05-03 20:31:54', 'Waiting');
        

        INSERT INTO Treatment (Appointment_ID, Treatment_ID, Diagnosis, Cost, Treatment_Procedure, Treatment_Date_Time, Treatment_Status)
        VALUES ('A00005', 1, 'Husband lot start find cell.', 989.6132, 'Answer', '2024-10-12 15:12:24', 'Waiting');
        

        INSERT INTO Treatment (Appointment_ID, Treatment_ID, Diagnosis, Cost, Treatment_Procedure, Treatment_Date_Time, Treatment_Status)
        VALUES ('A00006', 1, 'Less concern several.', 799.3901, 'Trouble', '2024-10-06 02:49:54', 'Canceled');
        

        INSERT INTO Treatment (Appointment_ID, Treatment_ID, Diagnosis, Cost, Treatment_Procedure, Treatment_Date_Time, Treatment_Status)
        VALUES ('A00006', 2, 'Factor blue walk water.', 272.7505, 'Find', '2024-12-02 07:46:29', 'Completed');
        

        INSERT INTO Treatment (Appointment_ID, Treatment_ID, Diagnosis, Cost, Treatment_Procedure, Treatment_Date_Time, Treatment_Status)
        VALUES ('A00006', 3, 'Not identify score.', 157.4722, 'Need', '2024-09-25 23:24:42', 'Completed');
        

        INSERT INTO Treatment (Appointment_ID, Treatment_ID, Diagnosis, Cost, Treatment_Procedure, Treatment_Date_Time, Treatment_Status)
        VALUES ('A00007', 1, 'Thought early president board.', 506.4506, 'But', '2024-11-30 00:50:06', 'In-Progress');
        

        INSERT INTO Treatment (Appointment_ID, Treatment_ID, Diagnosis, Cost, Treatment_Procedure, Treatment_Date_Time, Treatment_Status)
        VALUES ('A00007', 2, 'Certainly group member it chance our.', 207.0193, 'Up', '2024-07-17 17:32:22', 'Canceled');
        

        INSERT INTO Treatment (Appointment_ID, Treatment_ID, Diagnosis, Cost, Treatment_Procedure, Treatment_Date_Time, Treatment_Status)
        VALUES ('A00007', 3, 'Consider probably against change message.', 330.8317, 'Police', '2025-04-17 09:12:31', 'Completed');
        

        INSERT INTO Treatment (Appointment_ID, Treatment_ID, Diagnosis, Cost, Treatment_Procedure, Treatment_Date_Time, Treatment_Status)
        VALUES ('A00008', 1, 'Bill seat no type.', 661.0736, 'Simply', '2025-01-26 12:39:07', 'Completed');
        

        INSERT INTO Treatment (Appointment_ID, Treatment_ID, Diagnosis, Cost, Treatment_Procedure, Treatment_Date_Time, Treatment_Status)
        VALUES ('A00009', 1, 'Mission recently value expert thing bed.', 512.5672, 'Analysis', '2025-01-07 07:46:13', 'Waiting');
        

        INSERT INTO Treatment (Appointment_ID, Treatment_ID, Diagnosis, Cost, Treatment_Procedure, Treatment_Date_Time, Treatment_Status)
        VALUES ('A00010', 1, 'Else represent detail open future.', 844.2879, 'Several', '2025-03-06 03:05:17', 'Completed');
        

        INSERT INTO Treatment (Appointment_ID, Treatment_ID, Diagnosis, Cost, Treatment_Procedure, Treatment_Date_Time, Treatment_Status)
        VALUES ('A00010', 2, 'Sound late camera.', 989.8209, 'Remain', '2024-06-12 18:12:01', 'Canceled');
        

        INSERT INTO Treatment (Appointment_ID, Treatment_ID, Diagnosis, Cost, Treatment_Procedure, Treatment_Date_Time, Treatment_Status)
        VALUES ('A00010', 3, 'Various exactly several effect adult.', 233.5618, 'Significant', '2024-09-07 22:08:17', 'Canceled');
        

        INSERT INTO Treatment (Appointment_ID, Treatment_ID, Diagnosis, Cost, Treatment_Procedure, Treatment_Date_Time, Treatment_Status)
        VALUES ('A00011', 1, 'Spring room with travel.', 711.9365, 'Serious', '2024-09-28 20:33:45', 'Canceled');
        

        INSERT INTO Treatment (Appointment_ID, Treatment_ID, Diagnosis, Cost, Treatment_Procedure, Treatment_Date_Time, Treatment_Status)
        VALUES ('A00011', 2, 'Admit who ok final.', 711.3865, 'Student', '2024-12-26 06:23:56', 'Waiting');
        

        INSERT INTO Treatment (Appointment_ID, Treatment_ID, Diagnosis, Cost, Treatment_Procedure, Treatment_Date_Time, Treatment_Status)
        VALUES ('A00011', 3, 'Nation this fire.', 850.1801, 'Leader', '2024-06-30 19:49:43', 'Canceled');
        

        INSERT INTO Treatment (Appointment_ID, Treatment_ID, Diagnosis, Cost, Treatment_Procedure, Treatment_Date_Time, Treatment_Status)
        VALUES ('A00012', 1, 'Strong anything trial.', 703.0613, 'Film', '2024-07-21 15:34:32', 'In-Progress');
        

        INSERT INTO Treatment (Appointment_ID, Treatment_ID, Diagnosis, Cost, Treatment_Procedure, Treatment_Date_Time, Treatment_Status)
        VALUES ('A00012', 2, 'Drug north shake property fish.', 588.5282, 'Property', '2025-01-31 11:58:03', 'In-Progress');
        

        INSERT INTO Treatment (Appointment_ID, Treatment_ID, Diagnosis, Cost, Treatment_Procedure, Treatment_Date_Time, Treatment_Status)
        VALUES ('A00012', 3, 'Expert assume every walk degree rise laugh.', 108.7342, 'Coach', '2025-04-07 04:25:15', 'Waiting');
        

        INSERT INTO Treatment (Appointment_ID, Treatment_ID, Diagnosis, Cost, Treatment_Procedure, Treatment_Date_Time, Treatment_Status)
        VALUES ('A00013', 1, 'Coach yard treat.', 131.9214, 'Best', '2024-09-26 18:20:54', 'In-Progress');
        

        INSERT INTO Treatment (Appointment_ID, Treatment_ID, Diagnosis, Cost, Treatment_Procedure, Treatment_Date_Time, Treatment_Status)
        VALUES ('A00013', 2, 'Property ten many.', 887.0349, 'Forget', '2024-12-11 21:06:31', 'In-Progress');
        

        INSERT INTO Treatment (Appointment_ID, Treatment_ID, Diagnosis, Cost, Treatment_Procedure, Treatment_Date_Time, Treatment_Status)
        VALUES ('A00014', 1, 'Say movie world show market.', 624.6534, 'With', '2024-12-31 15:45:27', 'Canceled');
        

        INSERT INTO Treatment (Appointment_ID, Treatment_ID, Diagnosis, Cost, Treatment_Procedure, Treatment_Date_Time, Treatment_Status)
        VALUES ('A00014', 2, 'Still simply during scientist white better.', 159.7232, 'Born', '2024-05-22 06:35:29', 'Completed');
        

        INSERT INTO Treatment (Appointment_ID, Treatment_ID, Diagnosis, Cost, Treatment_Procedure, Treatment_Date_Time, Treatment_Status)
        VALUES ('A00015', 1, 'Nice operation risk past law last.', 882.0058, 'Address', '2025-02-15 23:33:51', 'Completed');
        

        INSERT INTO Treatment (Appointment_ID, Treatment_ID, Diagnosis, Cost, Treatment_Procedure, Treatment_Date_Time, Treatment_Status)
        VALUES ('A00015', 2, 'Several model think five miss camera.', 159.7192, 'Firm', '2024-12-07 06:25:14', 'In-Progress');
        

        INSERT INTO Treatment (Appointment_ID, Treatment_ID, Diagnosis, Cost, Treatment_Procedure, Treatment_Date_Time, Treatment_Status)
        VALUES ('A00015', 3, 'Pull organization serious leader.', 136.5688, 'Our', '2024-08-10 05:13:24', 'Completed');
        

        INSERT INTO Treatment (Appointment_ID, Treatment_ID, Diagnosis, Cost, Treatment_Procedure, Treatment_Date_Time, Treatment_Status)
        VALUES ('A00016', 1, 'Enough production scene start of.', 397.5349, 'Especially', '2025-01-31 11:52:03', 'In-Progress');
        

        INSERT INTO Treatment (Appointment_ID, Treatment_ID, Diagnosis, Cost, Treatment_Procedure, Treatment_Date_Time, Treatment_Status)
        VALUES ('A00016', 2, 'Environment land trouble staff follow baby.', 820.5809, 'Least', '2025-04-07 11:24:54', 'Canceled');
        

        INSERT INTO Treatment (Appointment_ID, Treatment_ID, Diagnosis, Cost, Treatment_Procedure, Treatment_Date_Time, Treatment_Status)
        VALUES ('A00017', 1, 'Sea speak subject yet forget.', 554.4997, 'Per', '2024-06-16 02:23:47', 'Completed');
        

        INSERT INTO Treatment (Appointment_ID, Treatment_ID, Diagnosis, Cost, Treatment_Procedure, Treatment_Date_Time, Treatment_Status)
        VALUES ('A00017', 2, 'Cultural pull above us adult see.', 616.4852, 'Break', '2024-11-22 20:37:54', 'Completed');
        

        INSERT INTO Treatment (Appointment_ID, Treatment_ID, Diagnosis, Cost, Treatment_Procedure, Treatment_Date_Time, Treatment_Status)
        VALUES ('A00018', 1, 'Matter door tax.', 483.73, 'Myself', '2024-08-31 04:33:35', 'In-Progress');
        

        INSERT INTO Treatment (Appointment_ID, Treatment_ID, Diagnosis, Cost, Treatment_Procedure, Treatment_Date_Time, Treatment_Status)
        VALUES ('A00018', 2, 'Customer season owner traditional.', 360.6977, 'Food', '2024-09-11 16:27:50', 'Canceled');
        

        INSERT INTO Treatment (Appointment_ID, Treatment_ID, Diagnosis, Cost, Treatment_Procedure, Treatment_Date_Time, Treatment_Status)
        VALUES ('A00018', 3, 'Serve office owner.', 843.127, 'Plant', '2025-03-02 21:32:19', 'Canceled');
        

        INSERT INTO Treatment (Appointment_ID, Treatment_ID, Diagnosis, Cost, Treatment_Procedure, Treatment_Date_Time, Treatment_Status)
        VALUES ('A00019', 1, 'Blood really child lead.', 646.6869, 'Teach', '2024-09-18 13:20:48', 'In-Progress');
        

        INSERT INTO Treatment (Appointment_ID, Treatment_ID, Diagnosis, Cost, Treatment_Procedure, Treatment_Date_Time, Treatment_Status)
        VALUES ('A00019', 2, 'Person rate security develop.', 866.1849, 'Cover', '2024-12-06 04:47:45', 'Completed');
        

        INSERT INTO Treatment (Appointment_ID, Treatment_ID, Diagnosis, Cost, Treatment_Procedure, Treatment_Date_Time, Treatment_Status)
        VALUES ('A00020', 1, 'Letter little bar reach common.', 896.7295, 'Area', '2025-03-03 08:13:07', 'In-Progress');
        

        INSERT INTO Treatment (Appointment_ID, Treatment_ID, Diagnosis, Cost, Treatment_Procedure, Treatment_Date_Time, Treatment_Status)
        VALUES ('A00020', 2, 'Growth television growth himself.', 372.1978, 'Growth', '2024-07-12 17:28:28', 'Waiting');
        

        INSERT INTO Treatment (Appointment_ID, Treatment_ID, Diagnosis, Cost, Treatment_Procedure, Treatment_Date_Time, Treatment_Status)
        VALUES ('A00020', 3, 'Third and mean five.', 399.4172, 'Expect', '2025-02-24 11:02:11', 'Canceled');
        

        INSERT INTO Treatment (Appointment_ID, Treatment_ID, Diagnosis, Cost, Treatment_Procedure, Treatment_Date_Time, Treatment_Status)
        VALUES ('A00021', 1, 'Phone avoid stand stop space store.', 948.6523, 'Consumer', '2024-09-22 12:33:14', 'Waiting');
        

        INSERT INTO Treatment (Appointment_ID, Treatment_ID, Diagnosis, Cost, Treatment_Procedure, Treatment_Date_Time, Treatment_Status)
        VALUES ('A00021', 2, 'Far enough ability citizen girl do.', 795.2321, 'Two', '2025-01-10 00:14:34', 'Canceled');
        

        INSERT INTO Treatment (Appointment_ID, Treatment_ID, Diagnosis, Cost, Treatment_Procedure, Treatment_Date_Time, Treatment_Status)
        VALUES ('A00022', 1, 'Herself society position.', 156.0329, 'Place', '2025-03-26 14:20:29', 'In-Progress');
        

        INSERT INTO Treatment (Appointment_ID, Treatment_ID, Diagnosis, Cost, Treatment_Procedure, Treatment_Date_Time, Treatment_Status)
        VALUES ('A00022', 2, 'Foot question learn.', 315.0565, 'Enough', '2024-07-27 13:20:21', 'Waiting');
        

        INSERT INTO Treatment (Appointment_ID, Treatment_ID, Diagnosis, Cost, Treatment_Procedure, Treatment_Date_Time, Treatment_Status)
        VALUES ('A00023', 1, 'Let receive scene no.', 947.6759, 'Everything', '2024-06-15 19:17:25', 'Canceled');
        

        INSERT INTO Treatment (Appointment_ID, Treatment_ID, Diagnosis, Cost, Treatment_Procedure, Treatment_Date_Time, Treatment_Status)
        VALUES ('A00024', 1, 'Around election modern.', 226.8144, 'Stage', '2025-03-23 04:39:17', 'Completed');
        

        INSERT INTO Treatment (Appointment_ID, Treatment_ID, Diagnosis, Cost, Treatment_Procedure, Treatment_Date_Time, Treatment_Status)
        VALUES ('A00024', 2, 'Expect attention loss full free another.', 706.1894, 'Nature', '2024-08-06 14:32:39', 'In-Progress');
        

        INSERT INTO Treatment (Appointment_ID, Treatment_ID, Diagnosis, Cost, Treatment_Procedure, Treatment_Date_Time, Treatment_Status)
        VALUES ('A00025', 1, 'Model adult stand five modern.', 470.0262, 'Unit', '2024-07-23 23:08:44', 'Canceled');
        

        INSERT INTO Treatment (Appointment_ID, Treatment_ID, Diagnosis, Cost, Treatment_Procedure, Treatment_Date_Time, Treatment_Status)
        VALUES ('A00025', 2, 'No air run.', 448.0147, 'Form', '2024-07-03 06:42:38', 'Completed');
        

        INSERT INTO Treatment (Appointment_ID, Treatment_ID, Diagnosis, Cost, Treatment_Procedure, Treatment_Date_Time, Treatment_Status)
        VALUES ('A00026', 1, 'Occur music item land.', 523.8003, 'Consider', '2024-05-21 01:02:45', 'In-Progress');
        

        INSERT INTO Treatment (Appointment_ID, Treatment_ID, Diagnosis, Cost, Treatment_Procedure, Treatment_Date_Time, Treatment_Status)
        VALUES ('A00027', 1, 'Well far summer game ever.', 129.2189, 'Include', '2024-05-08 06:28:51', 'In-Progress');
        

        INSERT INTO Treatment (Appointment_ID, Treatment_ID, Diagnosis, Cost, Treatment_Procedure, Treatment_Date_Time, Treatment_Status)
        VALUES ('A00028', 1, 'Teach short water.', 391.5202, 'Century', '2024-12-24 14:36:20', 'Waiting');
        

        INSERT INTO Treatment (Appointment_ID, Treatment_ID, Diagnosis, Cost, Treatment_Procedure, Treatment_Date_Time, Treatment_Status)
        VALUES ('A00028', 2, 'Thus close among move class.', 275.4763, 'Particularly', '2024-07-05 07:28:03', 'Canceled');
        

        INSERT INTO Treatment (Appointment_ID, Treatment_ID, Diagnosis, Cost, Treatment_Procedure, Treatment_Date_Time, Treatment_Status)
        VALUES ('A00028', 3, 'Cause natural imagine.', 199.8972, 'After', '2024-09-26 13:06:10', 'Completed');
        

        INSERT INTO Treatment (Appointment_ID, Treatment_ID, Diagnosis, Cost, Treatment_Procedure, Treatment_Date_Time, Treatment_Status)
        VALUES ('A00029', 1, 'General nor administration open.', 730.7357, 'Action', '2024-09-25 21:34:50', 'Waiting');
        

        INSERT INTO Treatment (Appointment_ID, Treatment_ID, Diagnosis, Cost, Treatment_Procedure, Treatment_Date_Time, Treatment_Status)
        VALUES ('A00029', 2, 'Garden worry put he ask.', 685.425, 'Cup', '2024-09-23 07:15:53', 'Waiting');
        

        INSERT INTO Treatment (Appointment_ID, Treatment_ID, Diagnosis, Cost, Treatment_Procedure, Treatment_Date_Time, Treatment_Status)
        VALUES ('A00029', 3, 'Edge change structure control career state.', 809.7098, 'Step', '2025-04-29 22:58:41', 'In-Progress');
        

        INSERT INTO Treatment (Appointment_ID, Treatment_ID, Diagnosis, Cost, Treatment_Procedure, Treatment_Date_Time, Treatment_Status)
        VALUES ('A00030', 1, 'Five old personal.', 819.4071, 'Big', '2024-12-31 13:18:19', 'Completed');
        

        INSERT INTO Treatment (Appointment_ID, Treatment_ID, Diagnosis, Cost, Treatment_Procedure, Treatment_Date_Time, Treatment_Status)
        VALUES ('A00030', 2, 'Group life land house.', 567.1066, 'Herself', '2024-06-12 23:19:52', 'In-Progress');
        

        INSERT INTO Treatment (Appointment_ID, Treatment_ID, Diagnosis, Cost, Treatment_Procedure, Treatment_Date_Time, Treatment_Status)
        VALUES ('A00031', 1, 'Change talk conference language ball.', 803.9027, 'Style', '2024-09-28 07:45:38', 'Canceled');
        

        INSERT INTO Treatment (Appointment_ID, Treatment_ID, Diagnosis, Cost, Treatment_Procedure, Treatment_Date_Time, Treatment_Status)
        VALUES ('A00032', 1, 'Thank goal chance whom.', 780.9546, 'Decision', '2024-07-06 09:25:40', 'Canceled');
        

        INSERT INTO Treatment (Appointment_ID, Treatment_ID, Diagnosis, Cost, Treatment_Procedure, Treatment_Date_Time, Treatment_Status)
        VALUES ('A00032', 2, 'Least organization probably only each ability.', 420.8984, 'Century', '2024-05-18 02:56:16', 'Completed');
        

        INSERT INTO Treatment (Appointment_ID, Treatment_ID, Diagnosis, Cost, Treatment_Procedure, Treatment_Date_Time, Treatment_Status)
        VALUES ('A00033', 1, 'Important truth speak behind appear.', 911.7348, 'Important', '2024-08-26 12:50:15', 'Completed');
        

        INSERT INTO Treatment (Appointment_ID, Treatment_ID, Diagnosis, Cost, Treatment_Procedure, Treatment_Date_Time, Treatment_Status)
        VALUES ('A00034', 1, 'Ready issue that party identify wall.', 329.8477, 'Thought', '2024-11-13 21:05:25', 'Completed');
        

        INSERT INTO Treatment (Appointment_ID, Treatment_ID, Diagnosis, Cost, Treatment_Procedure, Treatment_Date_Time, Treatment_Status)
        VALUES ('A00034', 2, 'Interesting idea if finally cold store.', 950.3049, 'Campaign', '2024-11-17 20:52:06', 'In-Progress');
        

        INSERT INTO Treatment (Appointment_ID, Treatment_ID, Diagnosis, Cost, Treatment_Procedure, Treatment_Date_Time, Treatment_Status)
        VALUES ('A00035', 1, 'Last offer hope responsibility eight west.', 184.1286, 'Lot', '2025-03-08 10:24:00', 'Canceled');
        

        INSERT INTO Treatment (Appointment_ID, Treatment_ID, Diagnosis, Cost, Treatment_Procedure, Treatment_Date_Time, Treatment_Status)
        VALUES ('A00036', 1, 'Look give sense fine street.', 374.7804, 'Military', '2025-01-31 07:49:58', 'Completed');
        

        INSERT INTO Treatment (Appointment_ID, Treatment_ID, Diagnosis, Cost, Treatment_Procedure, Treatment_Date_Time, Treatment_Status)
        VALUES ('A00036', 2, 'Even health television.', 231.1214, 'Price', '2024-10-20 18:32:03', 'Canceled');
        

        INSERT INTO Treatment (Appointment_ID, Treatment_ID, Diagnosis, Cost, Treatment_Procedure, Treatment_Date_Time, Treatment_Status)
        VALUES ('A00036', 3, 'Travel determine someone hit.', 930.5925, 'Trade', '2024-08-12 14:15:10', 'Completed');
        

        INSERT INTO Treatment (Appointment_ID, Treatment_ID, Diagnosis, Cost, Treatment_Procedure, Treatment_Date_Time, Treatment_Status)
        VALUES ('A00037', 1, 'Soon current by write north product.', 156.6305, 'Single', '2024-11-08 17:09:24', 'Canceled');
        

        INSERT INTO Treatment (Appointment_ID, Treatment_ID, Diagnosis, Cost, Treatment_Procedure, Treatment_Date_Time, Treatment_Status)
        VALUES ('A00037', 2, 'Throughout statement like responsibility career.', 796.4369, 'Size', '2024-12-24 20:58:56', 'Completed');
        

        INSERT INTO Treatment (Appointment_ID, Treatment_ID, Diagnosis, Cost, Treatment_Procedure, Treatment_Date_Time, Treatment_Status)
        VALUES ('A00038', 1, 'Price interest finally central whatever.', 487.9777, 'Ever', '2024-10-07 09:27:46', 'Canceled');
        

        INSERT INTO Treatment (Appointment_ID, Treatment_ID, Diagnosis, Cost, Treatment_Procedure, Treatment_Date_Time, Treatment_Status)
        VALUES ('A00038', 2, 'Drop success space water realize market.', 127.1208, 'Year', '2024-10-30 05:38:39', 'Waiting');
        

        INSERT INTO Treatment (Appointment_ID, Treatment_ID, Diagnosis, Cost, Treatment_Procedure, Treatment_Date_Time, Treatment_Status)
        VALUES ('A00039', 1, 'Say story improve.', 327.3273, 'New', '2024-08-27 17:27:48', 'Waiting');
        

        INSERT INTO Treatment (Appointment_ID, Treatment_ID, Diagnosis, Cost, Treatment_Procedure, Treatment_Date_Time, Treatment_Status)
        VALUES ('A00039', 2, 'Billion establish character decide candidate.', 163.2965, 'Hand', '2024-07-26 08:48:39', 'Waiting');
        

        INSERT INTO Treatment (Appointment_ID, Treatment_ID, Diagnosis, Cost, Treatment_Procedure, Treatment_Date_Time, Treatment_Status)
        VALUES ('A00039', 3, 'Or city bit your education expert.', 722.5976, 'Cultural', '2024-05-29 20:47:18', 'Waiting');
        

        INSERT INTO Treatment (Appointment_ID, Treatment_ID, Diagnosis, Cost, Treatment_Procedure, Treatment_Date_Time, Treatment_Status)
        VALUES ('A00040', 1, 'Of structure blue end.', 260.1169, 'Sell', '2024-12-23 12:28:49', 'In-Progress');
        

        INSERT INTO Treatment (Appointment_ID, Treatment_ID, Diagnosis, Cost, Treatment_Procedure, Treatment_Date_Time, Treatment_Status)
        VALUES ('A00040', 2, 'Modern end blue never newspaper argue.', 837.106, 'Growth', '2025-02-13 02:34:26', 'Completed');
        

        INSERT INTO Treatment (Appointment_ID, Treatment_ID, Diagnosis, Cost, Treatment_Procedure, Treatment_Date_Time, Treatment_Status)
        VALUES ('A00041', 1, 'Parent some three onto director.', 904.0916, 'Large', '2024-10-16 23:28:52', 'In-Progress');
        

        INSERT INTO Treatment (Appointment_ID, Treatment_ID, Diagnosis, Cost, Treatment_Procedure, Treatment_Date_Time, Treatment_Status)
        VALUES ('A00041', 2, 'Or their that.', 102.9089, 'Offer', '2024-09-16 16:15:39', 'Completed');
        

        INSERT INTO Treatment (Appointment_ID, Treatment_ID, Diagnosis, Cost, Treatment_Procedure, Treatment_Date_Time, Treatment_Status)
        VALUES ('A00041', 3, 'American call statement.', 773.1791, 'Talk', '2024-05-17 02:09:45', 'Waiting');
        

        INSERT INTO Treatment (Appointment_ID, Treatment_ID, Diagnosis, Cost, Treatment_Procedure, Treatment_Date_Time, Treatment_Status)
        VALUES ('A00042', 1, 'Special might wish street space.', 720.5198, 'Inside', '2024-12-01 11:59:30', 'In-Progress');
        

        INSERT INTO Treatment (Appointment_ID, Treatment_ID, Diagnosis, Cost, Treatment_Procedure, Treatment_Date_Time, Treatment_Status)
        VALUES ('A00042', 2, 'Bit network deep.', 873.258, 'Quality', '2024-12-07 15:52:03', 'In-Progress');
        

        INSERT INTO Treatment (Appointment_ID, Treatment_ID, Diagnosis, Cost, Treatment_Procedure, Treatment_Date_Time, Treatment_Status)
        VALUES ('A00043', 1, 'Certain theory bar allow great.', 201.1519, 'Up', '2024-10-13 00:54:44', 'Waiting');
        

        INSERT INTO Treatment (Appointment_ID, Treatment_ID, Diagnosis, Cost, Treatment_Procedure, Treatment_Date_Time, Treatment_Status)
        VALUES ('A00043', 2, 'Reason break debate bed value sense.', 736.7324, 'Certain', '2024-08-20 07:03:37', 'Waiting');
        

        INSERT INTO Treatment (Appointment_ID, Treatment_ID, Diagnosis, Cost, Treatment_Procedure, Treatment_Date_Time, Treatment_Status)
        VALUES ('A00044', 1, 'Under same commercial tree.', 125.1426, 'If', '2024-10-22 04:12:41', 'In-Progress');
        

        INSERT INTO Treatment (Appointment_ID, Treatment_ID, Diagnosis, Cost, Treatment_Procedure, Treatment_Date_Time, Treatment_Status)
        VALUES ('A00045', 1, 'Tax activity mission industry.', 401.5118, 'Store', '2024-07-28 17:10:45', 'Waiting');
        

        INSERT INTO Treatment (Appointment_ID, Treatment_ID, Diagnosis, Cost, Treatment_Procedure, Treatment_Date_Time, Treatment_Status)
        VALUES ('A00045', 2, 'Big send guy thing tell young.', 366.712, 'Mr', '2024-08-04 19:34:32', 'Waiting');
        

        INSERT INTO Treatment (Appointment_ID, Treatment_ID, Diagnosis, Cost, Treatment_Procedure, Treatment_Date_Time, Treatment_Status)
        VALUES ('A00046', 1, 'Often not not produce enter political.', 633.7175, 'Station', '2024-05-20 16:28:24', 'Completed');
        

        INSERT INTO Treatment (Appointment_ID, Treatment_ID, Diagnosis, Cost, Treatment_Procedure, Treatment_Date_Time, Treatment_Status)
        VALUES ('A00047', 1, 'Foreign boy executive.', 579.9051, 'Billion', '2024-08-07 13:23:53', 'Waiting');
        

        INSERT INTO Treatment (Appointment_ID, Treatment_ID, Diagnosis, Cost, Treatment_Procedure, Treatment_Date_Time, Treatment_Status)
        VALUES ('A00048', 1, 'Smile assume hot chance.', 438.93, 'Garden', '2024-08-01 12:29:06', 'In-Progress');
        

        INSERT INTO Treatment (Appointment_ID, Treatment_ID, Diagnosis, Cost, Treatment_Procedure, Treatment_Date_Time, Treatment_Status)
        VALUES ('A00049', 1, 'Draw always now.', 823.9513, 'Manage', '2024-11-07 05:54:57', 'Waiting');
        

        INSERT INTO Treatment (Appointment_ID, Treatment_ID, Diagnosis, Cost, Treatment_Procedure, Treatment_Date_Time, Treatment_Status)
        VALUES ('A00050', 1, 'Necessary interesting easy perhaps best company.', 318.5548, 'Find', '2024-06-14 18:18:00', 'In-Progress');
        

        INSERT INTO Treatment (Appointment_ID, Treatment_ID, Diagnosis, Cost, Treatment_Procedure, Treatment_Date_Time, Treatment_Status)
        VALUES ('A00050', 2, 'Late walk live skill course.', 361.9536, 'Local', '2025-01-20 23:45:30', 'Canceled');
        

        INSERT INTO Treatment (Appointment_ID, Treatment_ID, Diagnosis, Cost, Treatment_Procedure, Treatment_Date_Time, Treatment_Status)
        VALUES ('A00050', 3, 'Owner strategy identify involve.', 696.876, 'In', '2024-07-10 01:27:16', 'In-Progress');
        

        INSERT INTO Treatment (Appointment_ID, Treatment_ID, Diagnosis, Cost, Treatment_Procedure, Treatment_Date_Time, Treatment_Status)
        VALUES ('A00051', 1, 'Right must body.', 118.4947, 'Easy', '2024-12-28 11:44:01', 'Completed');
        

        INSERT INTO Treatment (Appointment_ID, Treatment_ID, Diagnosis, Cost, Treatment_Procedure, Treatment_Date_Time, Treatment_Status)
        VALUES ('A00051', 2, 'Radio not account land why.', 731.9526, 'Very', '2024-07-27 08:55:07', 'In-Progress');
        

        INSERT INTO Treatment (Appointment_ID, Treatment_ID, Diagnosis, Cost, Treatment_Procedure, Treatment_Date_Time, Treatment_Status)
        VALUES ('A00051', 3, 'Different often agency spring interview.', 478.2085, 'Side', '2025-02-22 03:10:02', 'Canceled');
        

        INSERT INTO Treatment (Appointment_ID, Treatment_ID, Diagnosis, Cost, Treatment_Procedure, Treatment_Date_Time, Treatment_Status)
        VALUES ('A00052', 1, 'Occur person social.', 933.7568, 'So', '2024-05-24 21:10:59', 'Canceled');
        

        INSERT INTO Treatment (Appointment_ID, Treatment_ID, Diagnosis, Cost, Treatment_Procedure, Treatment_Date_Time, Treatment_Status)
        VALUES ('A00052', 2, 'Imagine perhaps laugh.', 368.2253, 'Quickly', '2024-05-16 08:14:49', 'Waiting');
        

        INSERT INTO Treatment (Appointment_ID, Treatment_ID, Diagnosis, Cost, Treatment_Procedure, Treatment_Date_Time, Treatment_Status)
        VALUES ('A00052', 3, 'High inside somebody analysis fund artist.', 176.1001, 'Ready', '2025-03-14 12:43:19', 'Canceled');
        

        INSERT INTO Treatment (Appointment_ID, Treatment_ID, Diagnosis, Cost, Treatment_Procedure, Treatment_Date_Time, Treatment_Status)
        VALUES ('A00053', 1, 'Per second add.', 432.3304, 'Professor', '2024-11-26 07:54:43', 'Completed');
        

        INSERT INTO Treatment (Appointment_ID, Treatment_ID, Diagnosis, Cost, Treatment_Procedure, Treatment_Date_Time, Treatment_Status)
        VALUES ('A00053', 2, 'Better of music defense ok still beyond.', 438.7886, 'Course', '2024-06-22 08:45:31', 'Completed');
        

        INSERT INTO Treatment (Appointment_ID, Treatment_ID, Diagnosis, Cost, Treatment_Procedure, Treatment_Date_Time, Treatment_Status)
        VALUES ('A00053', 3, 'Never discuss truth.', 475.5029, 'White', '2024-08-15 02:04:16', 'Waiting');
        

        INSERT INTO Treatment (Appointment_ID, Treatment_ID, Diagnosis, Cost, Treatment_Procedure, Treatment_Date_Time, Treatment_Status)
        VALUES ('A00054', 1, 'Daughter miss maintain avoid direction.', 283.5912, 'Indeed', '2025-01-29 12:43:25', 'Waiting');
        

        INSERT INTO Treatment (Appointment_ID, Treatment_ID, Diagnosis, Cost, Treatment_Procedure, Treatment_Date_Time, Treatment_Status)
        VALUES ('A00054', 2, 'At direction share budget its.', 957.1068, 'Remember', '2024-11-12 18:43:35', 'Completed');
        

        INSERT INTO Treatment (Appointment_ID, Treatment_ID, Diagnosis, Cost, Treatment_Procedure, Treatment_Date_Time, Treatment_Status)
        VALUES ('A00055', 1, 'Eight speech near need recently.', 816.8653, 'In', '2024-07-05 09:46:34', 'Waiting');
        

        INSERT INTO Treatment (Appointment_ID, Treatment_ID, Diagnosis, Cost, Treatment_Procedure, Treatment_Date_Time, Treatment_Status)
        VALUES ('A00056', 1, 'Score speak answer fill on program.', 602.3634, 'Pick', '2025-02-18 09:47:24', 'In-Progress');
        

        INSERT INTO Treatment (Appointment_ID, Treatment_ID, Diagnosis, Cost, Treatment_Procedure, Treatment_Date_Time, Treatment_Status)
        VALUES ('A00057', 1, 'Forward policy mouth success federal.', 501.5479, 'Nor', '2024-11-16 22:32:18', 'Canceled');
        

        INSERT INTO Treatment (Appointment_ID, Treatment_ID, Diagnosis, Cost, Treatment_Procedure, Treatment_Date_Time, Treatment_Status)
        VALUES ('A00057', 2, 'Future stay rich dream.', 266.8426, 'Much', '2024-10-21 19:50:21', 'Canceled');
        

        INSERT INTO Treatment (Appointment_ID, Treatment_ID, Diagnosis, Cost, Treatment_Procedure, Treatment_Date_Time, Treatment_Status)
        VALUES ('A00057', 3, 'Factor herself sea worker.', 488.5448, 'Then', '2024-07-25 19:13:20', 'In-Progress');
        

        INSERT INTO Treatment (Appointment_ID, Treatment_ID, Diagnosis, Cost, Treatment_Procedure, Treatment_Date_Time, Treatment_Status)
        VALUES ('A00058', 1, 'Field crime drug.', 406.3491, 'Yes', '2024-11-29 12:02:12', 'In-Progress');
        

        INSERT INTO Treatment (Appointment_ID, Treatment_ID, Diagnosis, Cost, Treatment_Procedure, Treatment_Date_Time, Treatment_Status)
        VALUES ('A00058', 2, 'Firm industry let summer.', 419.8307, 'Face', '2024-11-25 03:57:55', 'Completed');
        

        INSERT INTO Treatment (Appointment_ID, Treatment_ID, Diagnosis, Cost, Treatment_Procedure, Treatment_Date_Time, Treatment_Status)
        VALUES ('A00059', 1, 'Hotel at week key benefit.', 779.5316, 'Compare', '2025-01-09 05:06:44', 'Waiting');
        

        INSERT INTO Treatment (Appointment_ID, Treatment_ID, Diagnosis, Cost, Treatment_Procedure, Treatment_Date_Time, Treatment_Status)
        VALUES ('A00059', 2, 'Space specific enter.', 101.6588, 'In', '2024-10-05 18:50:27', 'Canceled');
        

        INSERT INTO Treatment (Appointment_ID, Treatment_ID, Diagnosis, Cost, Treatment_Procedure, Treatment_Date_Time, Treatment_Status)
        VALUES ('A00060', 1, 'Agent clear art international.', 515.8098, 'Want', '2024-10-18 23:00:59', 'In-Progress');
        

        INSERT INTO Treatment (Appointment_ID, Treatment_ID, Diagnosis, Cost, Treatment_Procedure, Treatment_Date_Time, Treatment_Status)
        VALUES ('A00060', 2, 'American under product occur add.', 368.7041, 'Before', '2024-05-19 21:43:55', 'Waiting');
        

        INSERT INTO Treatment (Appointment_ID, Treatment_ID, Diagnosis, Cost, Treatment_Procedure, Treatment_Date_Time, Treatment_Status)
        VALUES ('A00060', 3, 'Which worry door.', 590.6873, 'We', '2025-04-04 21:37:45', 'In-Progress');
        

        INSERT INTO Treatment (Appointment_ID, Treatment_ID, Diagnosis, Cost, Treatment_Procedure, Treatment_Date_Time, Treatment_Status)
        VALUES ('A00061', 1, 'Interesting measure value two east.', 735.6646, 'Bad', '2024-08-18 18:28:12', 'Canceled');
        

        INSERT INTO Treatment (Appointment_ID, Treatment_ID, Diagnosis, Cost, Treatment_Procedure, Treatment_Date_Time, Treatment_Status)
        VALUES ('A00061', 2, 'Per east actually.', 183.2977, 'Series', '2024-05-16 21:59:01', 'Canceled');
        

        INSERT INTO Treatment (Appointment_ID, Treatment_ID, Diagnosis, Cost, Treatment_Procedure, Treatment_Date_Time, Treatment_Status)
        VALUES ('A00062', 1, 'Everybody rock after level pattern.', 589.3667, 'Spend', '2025-01-14 09:56:31', 'Canceled');
        

        INSERT INTO Treatment (Appointment_ID, Treatment_ID, Diagnosis, Cost, Treatment_Procedure, Treatment_Date_Time, Treatment_Status)
        VALUES ('A00063', 1, 'Although president across human.', 668.859, 'Benefit', '2025-04-06 11:45:26', 'Completed');
        

        INSERT INTO Treatment (Appointment_ID, Treatment_ID, Diagnosis, Cost, Treatment_Procedure, Treatment_Date_Time, Treatment_Status)
        VALUES ('A00063', 2, 'Ago question left meeting else.', 208.7484, 'Huge', '2024-05-29 02:23:39', 'Completed');
        

        INSERT INTO Treatment (Appointment_ID, Treatment_ID, Diagnosis, Cost, Treatment_Procedure, Treatment_Date_Time, Treatment_Status)
        VALUES ('A00064', 1, 'Teacher where close democratic body.', 330.9182, 'Occur', '2024-11-22 10:19:15', 'Canceled');
        

        INSERT INTO Treatment (Appointment_ID, Treatment_ID, Diagnosis, Cost, Treatment_Procedure, Treatment_Date_Time, Treatment_Status)
        VALUES ('A00065', 1, 'Model pick Republican.', 191.8286, 'Simple', '2025-03-31 13:34:28', 'Waiting');
        

        INSERT INTO Treatment (Appointment_ID, Treatment_ID, Diagnosis, Cost, Treatment_Procedure, Treatment_Date_Time, Treatment_Status)
        VALUES ('A00065', 2, 'Type focus discuss our five purpose.', 418.4398, 'Family', '2025-04-19 10:00:06', 'In-Progress');
        

        INSERT INTO Treatment (Appointment_ID, Treatment_ID, Diagnosis, Cost, Treatment_Procedure, Treatment_Date_Time, Treatment_Status)
        VALUES ('A00066', 1, 'Thought whatever over.', 176.7333, 'Thing', '2025-03-13 17:22:23', 'Completed');
        

        INSERT INTO Treatment (Appointment_ID, Treatment_ID, Diagnosis, Cost, Treatment_Procedure, Treatment_Date_Time, Treatment_Status)
        VALUES ('A00066', 2, 'Blue since long economic.', 813.0128, 'Well', '2024-07-12 11:05:19', 'Waiting');
        

        INSERT INTO Treatment (Appointment_ID, Treatment_ID, Diagnosis, Cost, Treatment_Procedure, Treatment_Date_Time, Treatment_Status)
        VALUES ('A00066', 3, 'Require computer civil.', 580.2748, 'So', '2025-02-07 01:04:11', 'Completed');
        

        INSERT INTO Treatment (Appointment_ID, Treatment_ID, Diagnosis, Cost, Treatment_Procedure, Treatment_Date_Time, Treatment_Status)
        VALUES ('A00067', 1, 'Feel wear official area.', 873.5079, 'Agent', '2024-12-14 09:56:29', 'In-Progress');
        

        INSERT INTO Treatment (Appointment_ID, Treatment_ID, Diagnosis, Cost, Treatment_Procedure, Treatment_Date_Time, Treatment_Status)
        VALUES ('A00067', 2, 'Speech lawyer west particularly everything.', 161.2837, 'Give', '2024-09-28 13:15:11', 'Waiting');
        

        INSERT INTO Treatment (Appointment_ID, Treatment_ID, Diagnosis, Cost, Treatment_Procedure, Treatment_Date_Time, Treatment_Status)
        VALUES ('A00067', 3, 'At kid box.', 354.4731, 'Significant', '2024-06-12 23:07:44', 'In-Progress');
        

        INSERT INTO Treatment (Appointment_ID, Treatment_ID, Diagnosis, Cost, Treatment_Procedure, Treatment_Date_Time, Treatment_Status)
        VALUES ('A00068', 1, 'Clearly increase much.', 570.754, 'Shake', '2024-09-19 20:39:50', 'In-Progress');
        

        INSERT INTO Treatment (Appointment_ID, Treatment_ID, Diagnosis, Cost, Treatment_Procedure, Treatment_Date_Time, Treatment_Status)
        VALUES ('A00068', 2, 'Government medical science mind through as prevent.', 578.2382, 'Recently', '2025-05-03 03:24:45', 'Canceled');
        

        INSERT INTO Treatment (Appointment_ID, Treatment_ID, Diagnosis, Cost, Treatment_Procedure, Treatment_Date_Time, Treatment_Status)
        VALUES ('A00068', 3, 'Office represent least.', 960.0894, 'Back', '2025-02-20 07:39:22', 'Canceled');
        

        INSERT INTO Treatment (Appointment_ID, Treatment_ID, Diagnosis, Cost, Treatment_Procedure, Treatment_Date_Time, Treatment_Status)
        VALUES ('A00069', 1, 'Reveal structure chair.', 800.6952, 'Simple', '2024-07-16 20:11:23', 'Waiting');
        

        INSERT INTO Treatment (Appointment_ID, Treatment_ID, Diagnosis, Cost, Treatment_Procedure, Treatment_Date_Time, Treatment_Status)
        VALUES ('A00069', 2, 'Test when general everything center.', 363.0288, 'Protect', '2024-12-12 04:54:12', 'Waiting');
        

        INSERT INTO Treatment (Appointment_ID, Treatment_ID, Diagnosis, Cost, Treatment_Procedure, Treatment_Date_Time, Treatment_Status)
        VALUES ('A00069', 3, 'National finish song country program.', 611.4096, 'Religious', '2025-01-17 03:19:09', 'In-Progress');
        

        INSERT INTO Treatment (Appointment_ID, Treatment_ID, Diagnosis, Cost, Treatment_Procedure, Treatment_Date_Time, Treatment_Status)
        VALUES ('A00070', 1, 'Street know rich.', 210.9684, 'Movement', '2024-10-11 17:38:22', 'Completed');
        

        INSERT INTO Treatment (Appointment_ID, Treatment_ID, Diagnosis, Cost, Treatment_Procedure, Treatment_Date_Time, Treatment_Status)
        VALUES ('A00071', 1, 'Network alone culture.', 461.0949, 'Federal', '2024-12-08 00:06:29', 'Canceled');
        

        INSERT INTO Treatment (Appointment_ID, Treatment_ID, Diagnosis, Cost, Treatment_Procedure, Treatment_Date_Time, Treatment_Status)
        VALUES ('A00071', 2, 'Enter message reason expect.', 225.5798, 'Catch', '2024-05-20 10:22:20', 'Waiting');
        

        INSERT INTO Treatment (Appointment_ID, Treatment_ID, Diagnosis, Cost, Treatment_Procedure, Treatment_Date_Time, Treatment_Status)
        VALUES ('A00072', 1, 'Person strategy large about.', 668.9003, 'Later', '2024-10-22 14:26:18', 'Canceled');
        

        INSERT INTO Treatment (Appointment_ID, Treatment_ID, Diagnosis, Cost, Treatment_Procedure, Treatment_Date_Time, Treatment_Status)
        VALUES ('A00072', 2, 'Reality action coach billion industry themselves.', 296.209, 'Exist', '2025-02-28 20:37:16', 'Canceled');
        

        INSERT INTO Treatment (Appointment_ID, Treatment_ID, Diagnosis, Cost, Treatment_Procedure, Treatment_Date_Time, Treatment_Status)
        VALUES ('A00073', 1, 'Matter not rich foreign professor.', 551.4104, 'Increase', '2025-04-10 20:53:03', 'Canceled');
        

        INSERT INTO Treatment (Appointment_ID, Treatment_ID, Diagnosis, Cost, Treatment_Procedure, Treatment_Date_Time, Treatment_Status)
        VALUES ('A00073', 2, 'Everything writer mean series nothing.', 686.849, 'Out', '2024-05-20 07:39:34', 'Completed');
        

        INSERT INTO Treatment (Appointment_ID, Treatment_ID, Diagnosis, Cost, Treatment_Procedure, Treatment_Date_Time, Treatment_Status)
        VALUES ('A00073', 3, 'Six day claim contain discuss bad.', 499.5836, 'Each', '2024-10-06 21:33:46', 'In-Progress');
        

        INSERT INTO Treatment (Appointment_ID, Treatment_ID, Diagnosis, Cost, Treatment_Procedure, Treatment_Date_Time, Treatment_Status)
        VALUES ('A00074', 1, 'Institution seek certainly explain space.', 545.9708, 'Foot', '2025-01-15 20:07:08', 'In-Progress');
        

        INSERT INTO Treatment (Appointment_ID, Treatment_ID, Diagnosis, Cost, Treatment_Procedure, Treatment_Date_Time, Treatment_Status)
        VALUES ('A00074', 2, 'Note fear him.', 122.9921, 'Position', '2025-01-22 19:01:32', 'Canceled');
        

        INSERT INTO Treatment (Appointment_ID, Treatment_ID, Diagnosis, Cost, Treatment_Procedure, Treatment_Date_Time, Treatment_Status)
        VALUES ('A00074', 3, 'Become leader difference ok some.', 451.8694, 'Help', '2025-01-17 00:52:52', 'Completed');
        

        INSERT INTO Treatment (Appointment_ID, Treatment_ID, Diagnosis, Cost, Treatment_Procedure, Treatment_Date_Time, Treatment_Status)
        VALUES ('A00075', 1, 'Tax financial scientist sign attention.', 981.0159, 'Religious', '2024-12-26 05:16:09', 'Completed');
        

        INSERT INTO Treatment (Appointment_ID, Treatment_ID, Diagnosis, Cost, Treatment_Procedure, Treatment_Date_Time, Treatment_Status)
        VALUES ('A00075', 2, 'The manager major newspaper rock.', 717.6669, 'Natural', '2024-11-05 18:04:37', 'Canceled');
        

        INSERT INTO Treatment (Appointment_ID, Treatment_ID, Diagnosis, Cost, Treatment_Procedure, Treatment_Date_Time, Treatment_Status)
        VALUES ('A00075', 3, 'Child above lawyer teacher.', 105.7811, 'Produce', '2025-04-12 02:24:59', 'Completed');
        

        INSERT INTO Treatment (Appointment_ID, Treatment_ID, Diagnosis, Cost, Treatment_Procedure, Treatment_Date_Time, Treatment_Status)
        VALUES ('A00076', 1, 'Well condition not who future.', 658.7891, 'President', '2024-07-20 01:17:28', 'Waiting');
        

        INSERT INTO Treatment (Appointment_ID, Treatment_ID, Diagnosis, Cost, Treatment_Procedure, Treatment_Date_Time, Treatment_Status)
        VALUES ('A00077', 1, 'Quality information citizen without Mrs such.', 729.7172, 'Least', '2025-05-02 03:03:17', 'In-Progress');
        

        INSERT INTO Treatment (Appointment_ID, Treatment_ID, Diagnosis, Cost, Treatment_Procedure, Treatment_Date_Time, Treatment_Status)
        VALUES ('A00077', 2, 'Ability wide attention fact level never.', 226.6118, 'Would', '2024-11-08 11:47:55', 'Waiting');
        

        INSERT INTO Treatment (Appointment_ID, Treatment_ID, Diagnosis, Cost, Treatment_Procedure, Treatment_Date_Time, Treatment_Status)
        VALUES ('A00077', 3, 'Attorney final sell wonder leg kind.', 272.0839, 'Check', '2025-03-04 09:28:11', 'Canceled');
        

        INSERT INTO Treatment (Appointment_ID, Treatment_ID, Diagnosis, Cost, Treatment_Procedure, Treatment_Date_Time, Treatment_Status)
        VALUES ('A00078', 1, 'Thousand ask possible decide career professor.', 744.7112, 'Feeling', '2025-01-15 20:24:33', 'Canceled');
        

        INSERT INTO Treatment (Appointment_ID, Treatment_ID, Diagnosis, Cost, Treatment_Procedure, Treatment_Date_Time, Treatment_Status)
        VALUES ('A00078', 2, 'Concern above next.', 251.4299, 'Show', '2025-02-28 03:37:26', 'Canceled');
        

        INSERT INTO Treatment (Appointment_ID, Treatment_ID, Diagnosis, Cost, Treatment_Procedure, Treatment_Date_Time, Treatment_Status)
        VALUES ('A00079', 1, 'Wear southern lot consider stay throughout.', 907.4809, 'Learn', '2024-09-19 19:58:32', 'Canceled');
        

        INSERT INTO Treatment (Appointment_ID, Treatment_ID, Diagnosis, Cost, Treatment_Procedure, Treatment_Date_Time, Treatment_Status)
        VALUES ('A00079', 2, 'Join reduce allow eat.', 233.2174, 'Speech', '2025-01-14 07:51:45', 'In-Progress');
        

        INSERT INTO Treatment (Appointment_ID, Treatment_ID, Diagnosis, Cost, Treatment_Procedure, Treatment_Date_Time, Treatment_Status)
        VALUES ('A00079', 3, 'Another heart others.', 571.7457, 'But', '2024-08-17 23:48:58', 'In-Progress');
        

        INSERT INTO Treatment (Appointment_ID, Treatment_ID, Diagnosis, Cost, Treatment_Procedure, Treatment_Date_Time, Treatment_Status)
        VALUES ('A00080', 1, 'Community paper attack.', 919.3532, 'Enter', '2024-07-01 16:11:40', 'Canceled');
        

        INSERT INTO Treatment (Appointment_ID, Treatment_ID, Diagnosis, Cost, Treatment_Procedure, Treatment_Date_Time, Treatment_Status)
        VALUES ('A00081', 1, 'Seven woman throughout describe political.', 810.404, 'Whatever', '2024-12-01 16:23:45', 'Canceled');
        

        INSERT INTO Treatment (Appointment_ID, Treatment_ID, Diagnosis, Cost, Treatment_Procedure, Treatment_Date_Time, Treatment_Status)
        VALUES ('A00081', 2, 'Article last forward.', 484.5612, 'Race', '2024-06-03 01:23:24', 'Canceled');
        

        INSERT INTO Treatment (Appointment_ID, Treatment_ID, Diagnosis, Cost, Treatment_Procedure, Treatment_Date_Time, Treatment_Status)
        VALUES ('A00082', 1, 'Themselves other today.', 756.8048, 'Public', '2024-08-02 20:00:00', 'In-Progress');
        

        INSERT INTO Treatment (Appointment_ID, Treatment_ID, Diagnosis, Cost, Treatment_Procedure, Treatment_Date_Time, Treatment_Status)
        VALUES ('A00082', 2, 'Should enough act end value.', 495.3448, 'One', '2024-07-03 08:11:27', 'In-Progress');
        

        INSERT INTO Treatment (Appointment_ID, Treatment_ID, Diagnosis, Cost, Treatment_Procedure, Treatment_Date_Time, Treatment_Status)
        VALUES ('A00083', 1, 'Have five mission.', 738.9973, 'Reality', '2024-07-23 01:32:54', 'Canceled');
        

        INSERT INTO Treatment (Appointment_ID, Treatment_ID, Diagnosis, Cost, Treatment_Procedure, Treatment_Date_Time, Treatment_Status)
        VALUES ('A00083', 2, 'Question theory per deep method federal.', 129.9513, 'End', '2024-07-06 11:14:53', 'Completed');
        

        INSERT INTO Treatment (Appointment_ID, Treatment_ID, Diagnosis, Cost, Treatment_Procedure, Treatment_Date_Time, Treatment_Status)
        VALUES ('A00083', 3, 'Government big increase interest.', 883.9084, 'Environmental', '2024-11-27 22:17:17', 'Waiting');
        

        INSERT INTO Treatment (Appointment_ID, Treatment_ID, Diagnosis, Cost, Treatment_Procedure, Treatment_Date_Time, Treatment_Status)
        VALUES ('A00084', 1, 'Book whatever building.', 768.8465, 'Wide', '2024-07-17 12:25:47', 'In-Progress');
        

        INSERT INTO Treatment (Appointment_ID, Treatment_ID, Diagnosis, Cost, Treatment_Procedure, Treatment_Date_Time, Treatment_Status)
        VALUES ('A00085', 1, 'Impact next not.', 649.7019, 'Word', '2025-01-17 05:03:47', 'Completed');
        

        INSERT INTO Treatment (Appointment_ID, Treatment_ID, Diagnosis, Cost, Treatment_Procedure, Treatment_Date_Time, Treatment_Status)
        VALUES ('A00086', 1, 'With visit door admit visit against.', 881.9592, 'Study', '2025-03-23 10:44:30', 'Waiting');
        

        INSERT INTO Treatment (Appointment_ID, Treatment_ID, Diagnosis, Cost, Treatment_Procedure, Treatment_Date_Time, Treatment_Status)
        VALUES ('A00086', 2, 'Born same wall wife before.', 794.2875, 'Establish', '2024-11-03 08:55:13', 'Waiting');
        

        INSERT INTO Treatment (Appointment_ID, Treatment_ID, Diagnosis, Cost, Treatment_Procedure, Treatment_Date_Time, Treatment_Status)
        VALUES ('A00086', 3, 'Window blood doctor.', 470.2891, 'Experience', '2025-04-21 07:48:40', 'Completed');
        

        INSERT INTO Treatment (Appointment_ID, Treatment_ID, Diagnosis, Cost, Treatment_Procedure, Treatment_Date_Time, Treatment_Status)
        VALUES ('A00087', 1, 'Over role score throw name have.', 727.1245, 'Wife', '2025-03-08 07:46:56', 'Canceled');
        

        INSERT INTO Treatment (Appointment_ID, Treatment_ID, Diagnosis, Cost, Treatment_Procedure, Treatment_Date_Time, Treatment_Status)
        VALUES ('A00087', 2, 'Truth approach impact walk.', 622.8641, 'Successful', '2024-09-23 20:26:56', 'Canceled');
        

        INSERT INTO Treatment (Appointment_ID, Treatment_ID, Diagnosis, Cost, Treatment_Procedure, Treatment_Date_Time, Treatment_Status)
        VALUES ('A00087', 3, 'Test according majority determine.', 329.277, 'Bag', '2024-10-17 21:02:42', 'Canceled');
        

        INSERT INTO Treatment (Appointment_ID, Treatment_ID, Diagnosis, Cost, Treatment_Procedure, Treatment_Date_Time, Treatment_Status)
        VALUES ('A00088', 1, 'Move authority compare peace style.', 403.4748, 'Behavior', '2024-08-25 09:01:05', 'Completed');
        

        INSERT INTO Treatment (Appointment_ID, Treatment_ID, Diagnosis, Cost, Treatment_Procedure, Treatment_Date_Time, Treatment_Status)
        VALUES ('A00089', 1, 'Seven her personal Democrat or cut.', 147.298, 'Manage', '2024-11-18 09:22:12', 'Waiting');
        

        INSERT INTO Treatment (Appointment_ID, Treatment_ID, Diagnosis, Cost, Treatment_Procedure, Treatment_Date_Time, Treatment_Status)
        VALUES ('A00090', 1, 'Trial whose thus.', 360.8287, 'Have', '2025-04-08 03:31:40', 'Completed');
        

        INSERT INTO Treatment (Appointment_ID, Treatment_ID, Diagnosis, Cost, Treatment_Procedure, Treatment_Date_Time, Treatment_Status)
        VALUES ('A00091', 1, 'Finish responsibility recent own tonight some.', 157.3211, 'Tax', '2025-04-19 10:16:13', 'Canceled');
        

        INSERT INTO Treatment (Appointment_ID, Treatment_ID, Diagnosis, Cost, Treatment_Procedure, Treatment_Date_Time, Treatment_Status)
        VALUES ('A00092', 1, 'Sell positive blood home hear.', 299.9499, 'Cause', '2025-04-01 14:09:25', 'Canceled');
        

        INSERT INTO Treatment (Appointment_ID, Treatment_ID, Diagnosis, Cost, Treatment_Procedure, Treatment_Date_Time, Treatment_Status)
        VALUES ('A00092', 2, 'Very well religious those report.', 601.9917, 'Rule', '2025-01-21 03:00:42', 'In-Progress');
        

        INSERT INTO Treatment (Appointment_ID, Treatment_ID, Diagnosis, Cost, Treatment_Procedure, Treatment_Date_Time, Treatment_Status)
        VALUES ('A00092', 3, 'Society attention heavy debate.', 508.3338, 'Data', '2024-05-25 00:56:42', 'Waiting');
        

        INSERT INTO Treatment (Appointment_ID, Treatment_ID, Diagnosis, Cost, Treatment_Procedure, Treatment_Date_Time, Treatment_Status)
        VALUES ('A00093', 1, 'Space what practice town billion.', 192.105, 'Point', '2024-12-05 04:30:53', 'Completed');
        

        INSERT INTO Treatment (Appointment_ID, Treatment_ID, Diagnosis, Cost, Treatment_Procedure, Treatment_Date_Time, Treatment_Status)
        VALUES ('A00093', 2, 'Another check group indeed feel should.', 815.3111, 'Fund', '2024-10-19 04:43:15', 'Waiting');
        

        INSERT INTO Treatment (Appointment_ID, Treatment_ID, Diagnosis, Cost, Treatment_Procedure, Treatment_Date_Time, Treatment_Status)
        VALUES ('A00093', 3, 'Yard quality production cause.', 582.311, 'Now', '2025-01-05 16:43:20', 'Waiting');
        

        INSERT INTO Treatment (Appointment_ID, Treatment_ID, Diagnosis, Cost, Treatment_Procedure, Treatment_Date_Time, Treatment_Status)
        VALUES ('A00094', 1, 'First air thousand certain group.', 125.9462, 'Red', '2024-07-24 04:07:10', 'Completed');
        

        INSERT INTO Treatment (Appointment_ID, Treatment_ID, Diagnosis, Cost, Treatment_Procedure, Treatment_Date_Time, Treatment_Status)
        VALUES ('A00094', 2, 'Republican face past.', 271.1186, 'Between', '2025-02-01 08:33:18', 'Completed');
        

        INSERT INTO Treatment (Appointment_ID, Treatment_ID, Diagnosis, Cost, Treatment_Procedure, Treatment_Date_Time, Treatment_Status)
        VALUES ('A00095', 1, 'Their window them particularly admit.', 882.9531, 'Maybe', '2024-05-31 14:48:00', 'Waiting');
        

        INSERT INTO Treatment (Appointment_ID, Treatment_ID, Diagnosis, Cost, Treatment_Procedure, Treatment_Date_Time, Treatment_Status)
        VALUES ('A00096', 1, 'Away debate positive somebody.', 853.5618, 'Piece', '2024-07-21 23:53:15', 'Waiting');
        

        INSERT INTO Treatment (Appointment_ID, Treatment_ID, Diagnosis, Cost, Treatment_Procedure, Treatment_Date_Time, Treatment_Status)
        VALUES ('A00097', 1, 'He father evidence question fund.', 756.1234, 'Artist', '2024-09-16 22:56:50', 'Waiting');
        

        INSERT INTO Treatment (Appointment_ID, Treatment_ID, Diagnosis, Cost, Treatment_Procedure, Treatment_Date_Time, Treatment_Status)
        VALUES ('A00097', 2, 'Improve run its near.', 381.0089, 'Room', '2024-07-01 13:46:13', 'Canceled');
        

        INSERT INTO Treatment (Appointment_ID, Treatment_ID, Diagnosis, Cost, Treatment_Procedure, Treatment_Date_Time, Treatment_Status)
        VALUES ('A00097', 3, 'Little Mr population add age.', 329.1753, 'Make', '2024-11-10 22:40:35', 'Waiting');
        

        INSERT INTO Treatment (Appointment_ID, Treatment_ID, Diagnosis, Cost, Treatment_Procedure, Treatment_Date_Time, Treatment_Status)
        VALUES ('A00098', 1, 'Week money purpose.', 315.9658, 'Will', '2024-09-30 05:52:05', 'Waiting');
        

        INSERT INTO Treatment (Appointment_ID, Treatment_ID, Diagnosis, Cost, Treatment_Procedure, Treatment_Date_Time, Treatment_Status)
        VALUES ('A00098', 2, 'Important sure offer.', 940.7651, 'Who', '2024-09-01 03:49:12', 'Completed');
        

        INSERT INTO Treatment (Appointment_ID, Treatment_ID, Diagnosis, Cost, Treatment_Procedure, Treatment_Date_Time, Treatment_Status)
        VALUES ('A00098', 3, 'Hit thank most of up organization.', 108.2876, 'Maintain', '2024-07-14 08:44:25', 'Canceled');
        

        INSERT INTO Treatment (Appointment_ID, Treatment_ID, Diagnosis, Cost, Treatment_Procedure, Treatment_Date_Time, Treatment_Status)
        VALUES ('A00099', 1, 'Course measure and meeting thing.', 494.3787, 'Important', '2024-08-18 05:31:19', 'Canceled');
        

        INSERT INTO Treatment (Appointment_ID, Treatment_ID, Diagnosis, Cost, Treatment_Procedure, Treatment_Date_Time, Treatment_Status)
        VALUES ('A00099', 2, 'Full particular present between color.', 981.004, 'Remember', '2025-01-14 09:37:08', 'Canceled');
        

        INSERT INTO Treatment (Appointment_ID, Treatment_ID, Diagnosis, Cost, Treatment_Procedure, Treatment_Date_Time, Treatment_Status)
        VALUES ('A00099', 3, 'Language they environment.', 496.0977, 'Down', '2025-02-26 12:24:30', 'Completed');
        

        INSERT INTO Treatment (Appointment_ID, Treatment_ID, Diagnosis, Cost, Treatment_Procedure, Treatment_Date_Time, Treatment_Status)
        VALUES ('A00100', 1, 'All upon say.', 317.03, 'Idea', '2024-11-10 20:26:10', 'In-Progress');
        

        INSERT INTO Treatment (Appointment_ID, Treatment_ID, Diagnosis, Cost, Treatment_Procedure, Treatment_Date_Time, Treatment_Status)
        VALUES ('A00101', 1, 'Paper age physical current.', 895.8276, 'Our', '2025-03-04 13:49:59', 'In-Progress');
        

        INSERT INTO Treatment (Appointment_ID, Treatment_ID, Diagnosis, Cost, Treatment_Procedure, Treatment_Date_Time, Treatment_Status)
        VALUES ('A00101', 2, 'There reality size move red.', 496.5758, 'Leave', '2025-04-09 06:40:41', 'Completed');
        

        INSERT INTO Treatment (Appointment_ID, Treatment_ID, Diagnosis, Cost, Treatment_Procedure, Treatment_Date_Time, Treatment_Status)
        VALUES ('A00102', 1, 'Trouble you eight describe pattern hard.', 603.1101, 'Industry', '2024-07-03 02:50:32', 'Canceled');
        

        INSERT INTO Treatment (Appointment_ID, Treatment_ID, Diagnosis, Cost, Treatment_Procedure, Treatment_Date_Time, Treatment_Status)
        VALUES ('A00102', 2, 'Space majority bit instead smile.', 135.4165, 'Hit', '2025-04-19 22:28:04', 'In-Progress');
        

        INSERT INTO Treatment (Appointment_ID, Treatment_ID, Diagnosis, Cost, Treatment_Procedure, Treatment_Date_Time, Treatment_Status)
        VALUES ('A00103', 1, 'Green wife in end decade.', 541.0121, 'Lot', '2024-09-25 15:46:27', 'In-Progress');
        

        INSERT INTO Treatment (Appointment_ID, Treatment_ID, Diagnosis, Cost, Treatment_Procedure, Treatment_Date_Time, Treatment_Status)
        VALUES ('A00104', 1, 'Begin actually team industry.', 941.0148, 'Peace', '2024-10-18 05:49:09', 'Waiting');
        

        INSERT INTO Treatment (Appointment_ID, Treatment_ID, Diagnosis, Cost, Treatment_Procedure, Treatment_Date_Time, Treatment_Status)
        VALUES ('A00104', 2, 'Various picture rule poor.', 995.2022, 'Kind', '2024-09-06 17:39:24', 'Completed');
        

        INSERT INTO Treatment (Appointment_ID, Treatment_ID, Diagnosis, Cost, Treatment_Procedure, Treatment_Date_Time, Treatment_Status)
        VALUES ('A00105', 1, 'Admit play avoid.', 909.6631, 'Five', '2025-05-02 23:36:49', 'In-Progress');
        

        INSERT INTO Treatment (Appointment_ID, Treatment_ID, Diagnosis, Cost, Treatment_Procedure, Treatment_Date_Time, Treatment_Status)
        VALUES ('A00105', 2, 'Day dog receive.', 739.9612, 'Leader', '2025-01-08 18:11:58', 'Canceled');
        

        INSERT INTO Treatment (Appointment_ID, Treatment_ID, Diagnosis, Cost, Treatment_Procedure, Treatment_Date_Time, Treatment_Status)
        VALUES ('A00105', 3, 'Fall spring choose power management.', 562.6319, 'Society', '2024-06-26 04:07:36', 'Canceled');
        

        INSERT INTO Treatment (Appointment_ID, Treatment_ID, Diagnosis, Cost, Treatment_Procedure, Treatment_Date_Time, Treatment_Status)
        VALUES ('A00106', 1, 'Political at film kitchen environment method.', 670.9207, 'Of', '2024-06-29 15:47:03', 'Waiting');
        

        INSERT INTO Treatment (Appointment_ID, Treatment_ID, Diagnosis, Cost, Treatment_Procedure, Treatment_Date_Time, Treatment_Status)
        VALUES ('A00106', 2, 'Summer rather future career similar idea remain.', 308.6091, 'Hard', '2024-10-28 06:28:25', 'Completed');
        

        INSERT INTO Treatment (Appointment_ID, Treatment_ID, Diagnosis, Cost, Treatment_Procedure, Treatment_Date_Time, Treatment_Status)
        VALUES ('A00106', 3, 'Surface concern law enough information which.', 653.3845, 'Leave', '2024-11-12 15:25:46', 'Completed');
        

        INSERT INTO Treatment (Appointment_ID, Treatment_ID, Diagnosis, Cost, Treatment_Procedure, Treatment_Date_Time, Treatment_Status)
        VALUES ('A00107', 1, 'Garden social man.', 759.5965, 'Process', '2024-05-25 03:57:06', 'In-Progress');
        

        INSERT INTO Treatment (Appointment_ID, Treatment_ID, Diagnosis, Cost, Treatment_Procedure, Treatment_Date_Time, Treatment_Status)
        VALUES ('A00108', 1, 'Manager political keep attack behavior.', 356.1013, 'Smile', '2025-04-04 18:33:32', 'Completed');
        

        INSERT INTO Treatment (Appointment_ID, Treatment_ID, Diagnosis, Cost, Treatment_Procedure, Treatment_Date_Time, Treatment_Status)
        VALUES ('A00109', 1, 'Exist these perhaps such those position.', 581.9717, 'Brother', '2024-09-17 17:34:46', 'Canceled');
        

        INSERT INTO Treatment (Appointment_ID, Treatment_ID, Diagnosis, Cost, Treatment_Procedure, Treatment_Date_Time, Treatment_Status)
        VALUES ('A00109', 2, 'Wind include allow must point.', 873.1862, 'Health', '2025-03-02 20:59:59', 'Completed');
        

        INSERT INTO Treatment (Appointment_ID, Treatment_ID, Diagnosis, Cost, Treatment_Procedure, Treatment_Date_Time, Treatment_Status)
        VALUES ('A00109', 3, 'Week like mean.', 446.2251, 'Large', '2024-07-30 18:12:23', 'Waiting');
        

        INSERT INTO Treatment (Appointment_ID, Treatment_ID, Diagnosis, Cost, Treatment_Procedure, Treatment_Date_Time, Treatment_Status)
        VALUES ('A00110', 1, 'Wide method movie.', 974.0345, 'Point', '2024-12-01 04:36:38', 'Waiting');
        

        INSERT INTO Treatment (Appointment_ID, Treatment_ID, Diagnosis, Cost, Treatment_Procedure, Treatment_Date_Time, Treatment_Status)
        VALUES ('A00111', 1, 'Rate measure brother approach.', 707.3939, 'From', '2024-09-15 02:17:21', 'Waiting');
        

        INSERT INTO Treatment (Appointment_ID, Treatment_ID, Diagnosis, Cost, Treatment_Procedure, Treatment_Date_Time, Treatment_Status)
        VALUES ('A00112', 1, 'Later role change.', 765.8826, 'Per', '2024-05-13 04:38:51', 'In-Progress');
        

        INSERT INTO Treatment (Appointment_ID, Treatment_ID, Diagnosis, Cost, Treatment_Procedure, Treatment_Date_Time, Treatment_Status)
        VALUES ('A00113', 1, 'Prepare son particular economy evening same.', 566.338, 'Whole', '2025-01-22 22:15:47', 'Waiting');
        

        INSERT INTO Treatment (Appointment_ID, Treatment_ID, Diagnosis, Cost, Treatment_Procedure, Treatment_Date_Time, Treatment_Status)
        VALUES ('A00114', 1, 'Family east within walk.', 435.8772, 'Sister', '2024-08-08 09:54:49', 'Canceled');
        

        INSERT INTO Treatment (Appointment_ID, Treatment_ID, Diagnosis, Cost, Treatment_Procedure, Treatment_Date_Time, Treatment_Status)
        VALUES ('A00115', 1, 'Year establish generation TV.', 623.8544, 'Sense', '2024-09-09 17:29:19', 'In-Progress');
        

        INSERT INTO Treatment (Appointment_ID, Treatment_ID, Diagnosis, Cost, Treatment_Procedure, Treatment_Date_Time, Treatment_Status)
        VALUES ('A00115', 2, 'As his seven.', 828.7739, 'Them', '2024-12-30 12:01:44', 'Waiting');
        

        INSERT INTO Treatment (Appointment_ID, Treatment_ID, Diagnosis, Cost, Treatment_Procedure, Treatment_Date_Time, Treatment_Status)
        VALUES ('A00116', 1, 'Decade high clear ready past trade.', 626.8879, 'Beyond', '2025-02-28 02:30:47', 'Completed');
        

        INSERT INTO Treatment (Appointment_ID, Treatment_ID, Diagnosis, Cost, Treatment_Procedure, Treatment_Date_Time, Treatment_Status)
        VALUES ('A00116', 2, 'Despite approach beautiful late.', 830.7961, 'Forget', '2024-11-13 08:43:41', 'Canceled');
        

        INSERT INTO Treatment (Appointment_ID, Treatment_ID, Diagnosis, Cost, Treatment_Procedure, Treatment_Date_Time, Treatment_Status)
        VALUES ('A00117', 1, 'Every quality he under body.', 978.1809, 'Produce', '2024-09-09 03:56:27', 'Completed');
        

        INSERT INTO Treatment (Appointment_ID, Treatment_ID, Diagnosis, Cost, Treatment_Procedure, Treatment_Date_Time, Treatment_Status)
        VALUES ('A00118', 1, 'Hard movement similar certainly little.', 788.5366, 'Top', '2024-12-19 20:27:08', 'Canceled');
        

        INSERT INTO Treatment (Appointment_ID, Treatment_ID, Diagnosis, Cost, Treatment_Procedure, Treatment_Date_Time, Treatment_Status)
        VALUES ('A00119', 1, 'Money something move race special.', 790.5285, 'Bag', '2024-07-04 17:05:19', 'In-Progress');
        

        INSERT INTO Treatment (Appointment_ID, Treatment_ID, Diagnosis, Cost, Treatment_Procedure, Treatment_Date_Time, Treatment_Status)
        VALUES ('A00119', 2, 'Election reality population.', 311.7843, 'Real', '2024-11-18 11:17:48', 'In-Progress');
        

        INSERT INTO Treatment (Appointment_ID, Treatment_ID, Diagnosis, Cost, Treatment_Procedure, Treatment_Date_Time, Treatment_Status)
        VALUES ('A00119', 3, 'Rock next week scientist recognize.', 834.5566, 'Street', '2024-11-17 12:59:36', 'Canceled');
        

        INSERT INTO Treatment (Appointment_ID, Treatment_ID, Diagnosis, Cost, Treatment_Procedure, Treatment_Date_Time, Treatment_Status)
        VALUES ('A00120', 1, 'Risk agent dark sound again professor.', 647.6492, 'Perform', '2024-12-06 16:45:05', 'In-Progress');
        

        INSERT INTO Treatment (Appointment_ID, Treatment_ID, Diagnosis, Cost, Treatment_Procedure, Treatment_Date_Time, Treatment_Status)
        VALUES ('A00120', 2, 'During with team front mother possible.', 666.0904, 'Minute', '2024-11-01 12:43:51', 'Completed');
        

        INSERT INTO Treatment (Appointment_ID, Treatment_ID, Diagnosis, Cost, Treatment_Procedure, Treatment_Date_Time, Treatment_Status)
        VALUES ('A00121', 1, 'Piece time on expert.', 850.5404, 'Now', '2024-11-04 06:22:45', 'Waiting');
        

        INSERT INTO Treatment (Appointment_ID, Treatment_ID, Diagnosis, Cost, Treatment_Procedure, Treatment_Date_Time, Treatment_Status)
        VALUES ('A00121', 2, 'Better those ability serve least.', 540.2792, 'Night', '2024-08-20 11:53:18', 'Waiting');
        

        INSERT INTO Treatment (Appointment_ID, Treatment_ID, Diagnosis, Cost, Treatment_Procedure, Treatment_Date_Time, Treatment_Status)
        VALUES ('A00121', 3, 'Artist later someone.', 111.3719, 'Minute', '2025-01-15 11:46:21', 'In-Progress');
        

        INSERT INTO Treatment (Appointment_ID, Treatment_ID, Diagnosis, Cost, Treatment_Procedure, Treatment_Date_Time, Treatment_Status)
        VALUES ('A00122', 1, 'Pm charge or put.', 687.4871, 'Woman', '2024-11-16 17:02:25', 'Canceled');
        

        INSERT INTO Treatment (Appointment_ID, Treatment_ID, Diagnosis, Cost, Treatment_Procedure, Treatment_Date_Time, Treatment_Status)
        VALUES ('A00122', 2, 'Least building military seem.', 828.313, 'Late', '2024-09-18 22:48:45', 'Canceled');
        

        INSERT INTO Treatment (Appointment_ID, Treatment_ID, Diagnosis, Cost, Treatment_Procedure, Treatment_Date_Time, Treatment_Status)
        VALUES ('A00122', 3, 'Type structure so magazine.', 591.426, 'Pm', '2024-12-16 18:20:30', 'Completed');
        

        INSERT INTO Treatment (Appointment_ID, Treatment_ID, Diagnosis, Cost, Treatment_Procedure, Treatment_Date_Time, Treatment_Status)
        VALUES ('A00123', 1, 'Thousand whose own or white air.', 223.6998, 'Nothing', '2024-11-08 06:28:02', 'Canceled');
        

        INSERT INTO Treatment (Appointment_ID, Treatment_ID, Diagnosis, Cost, Treatment_Procedure, Treatment_Date_Time, Treatment_Status)
        VALUES ('A00123', 2, 'Probably public soon.', 733.077, 'Serve', '2024-08-30 06:15:13', 'Waiting');
        

        INSERT INTO Treatment (Appointment_ID, Treatment_ID, Diagnosis, Cost, Treatment_Procedure, Treatment_Date_Time, Treatment_Status)
        VALUES ('A00124', 1, 'Pass he training.', 445.6831, 'Pay', '2025-02-26 15:19:58', 'Completed');
        

        INSERT INTO Treatment (Appointment_ID, Treatment_ID, Diagnosis, Cost, Treatment_Procedure, Treatment_Date_Time, Treatment_Status)
        VALUES ('A00124', 2, 'Social production consider state.', 287.7971, 'Door', '2024-09-30 07:26:37', 'Waiting');
        

        INSERT INTO Treatment (Appointment_ID, Treatment_ID, Diagnosis, Cost, Treatment_Procedure, Treatment_Date_Time, Treatment_Status)
        VALUES ('A00125', 1, 'Phone success Mrs add type.', 772.3649, 'Our', '2025-04-13 07:11:00', 'In-Progress');
        

        INSERT INTO Treatment (Appointment_ID, Treatment_ID, Diagnosis, Cost, Treatment_Procedure, Treatment_Date_Time, Treatment_Status)
        VALUES ('A00125', 2, 'Daughter indicate scientist offer issue.', 408.8488, 'Mean', '2024-07-19 03:21:05', 'Canceled');
        

        INSERT INTO Treatment (Appointment_ID, Treatment_ID, Diagnosis, Cost, Treatment_Procedure, Treatment_Date_Time, Treatment_Status)
        VALUES ('A00125', 3, 'Lose since amount suggest.', 701.5894, 'Collection', '2024-06-15 16:42:15', 'In-Progress');
        

        INSERT INTO Treatment (Appointment_ID, Treatment_ID, Diagnosis, Cost, Treatment_Procedure, Treatment_Date_Time, Treatment_Status)
        VALUES ('A00126', 1, 'Mind race born building.', 409.7545, 'Later', '2024-07-18 13:11:35', 'In-Progress');
        

        INSERT INTO Treatment (Appointment_ID, Treatment_ID, Diagnosis, Cost, Treatment_Procedure, Treatment_Date_Time, Treatment_Status)
        VALUES ('A00126', 2, 'Toward claim civil inside friend service.', 374.4122, 'Republican', '2024-10-30 15:45:26', 'Waiting');
        

        INSERT INTO Treatment (Appointment_ID, Treatment_ID, Diagnosis, Cost, Treatment_Procedure, Treatment_Date_Time, Treatment_Status)
        VALUES ('A00127', 1, 'Book current black.', 585.562, 'Or', '2025-02-09 06:30:37', 'In-Progress');
        

        INSERT INTO Treatment (Appointment_ID, Treatment_ID, Diagnosis, Cost, Treatment_Procedure, Treatment_Date_Time, Treatment_Status)
        VALUES ('A00127', 2, 'Peace act very.', 418.0776, 'Environmental', '2025-05-05 01:22:19', 'Canceled');
        

        INSERT INTO Treatment (Appointment_ID, Treatment_ID, Diagnosis, Cost, Treatment_Procedure, Treatment_Date_Time, Treatment_Status)
        VALUES ('A00127', 3, 'Oil tree certainly would family.', 665.047, 'Own', '2024-12-11 09:39:31', 'Completed');
        

        INSERT INTO Treatment (Appointment_ID, Treatment_ID, Diagnosis, Cost, Treatment_Procedure, Treatment_Date_Time, Treatment_Status)
        VALUES ('A00128', 1, 'Development everything candidate rule manager forget.', 140.4669, 'Why', '2025-01-20 05:31:41', 'In-Progress');
        

        INSERT INTO Treatment (Appointment_ID, Treatment_ID, Diagnosis, Cost, Treatment_Procedure, Treatment_Date_Time, Treatment_Status)
        VALUES ('A00129', 1, 'Draw seat true listen.', 394.0011, 'As', '2024-12-20 22:56:31', 'Completed');
        

        INSERT INTO Treatment (Appointment_ID, Treatment_ID, Diagnosis, Cost, Treatment_Procedure, Treatment_Date_Time, Treatment_Status)
        VALUES ('A00129', 2, 'Participant affect better answer.', 410.4357, 'Along', '2024-07-03 06:29:11', 'Canceled');
        

        INSERT INTO Treatment (Appointment_ID, Treatment_ID, Diagnosis, Cost, Treatment_Procedure, Treatment_Date_Time, Treatment_Status)
        VALUES ('A00129', 3, 'Treatment figure program after.', 222.2657, 'Listen', '2024-09-30 04:28:11', 'In-Progress');
        

        INSERT INTO Treatment (Appointment_ID, Treatment_ID, Diagnosis, Cost, Treatment_Procedure, Treatment_Date_Time, Treatment_Status)
        VALUES ('A00130', 1, 'Program debate ready avoid government.', 491.6919, 'Late', '2024-09-11 19:43:26', 'Waiting');
        

        INSERT INTO Treatment (Appointment_ID, Treatment_ID, Diagnosis, Cost, Treatment_Procedure, Treatment_Date_Time, Treatment_Status)
        VALUES ('A00130', 2, 'Summer price summer or like crime.', 380.7566, 'True', '2024-10-26 23:14:25', 'Waiting');
        

        INSERT INTO Treatment (Appointment_ID, Treatment_ID, Diagnosis, Cost, Treatment_Procedure, Treatment_Date_Time, Treatment_Status)
        VALUES ('A00131', 1, 'Account early use strategy seem first.', 988.1162, 'Set', '2024-11-18 19:37:06', 'Canceled');
        

        INSERT INTO Treatment (Appointment_ID, Treatment_ID, Diagnosis, Cost, Treatment_Procedure, Treatment_Date_Time, Treatment_Status)
        VALUES ('A00131', 2, 'Send water happen debate.', 444.4015, 'Would', '2024-07-18 11:14:08', 'Canceled');
        

        INSERT INTO Treatment (Appointment_ID, Treatment_ID, Diagnosis, Cost, Treatment_Procedure, Treatment_Date_Time, Treatment_Status)
        VALUES ('A00131', 3, 'Adult represent any despite government.', 901.8315, 'Seven', '2024-06-16 09:19:01', 'Canceled');
        

        INSERT INTO Treatment (Appointment_ID, Treatment_ID, Diagnosis, Cost, Treatment_Procedure, Treatment_Date_Time, Treatment_Status)
        VALUES ('A00132', 1, 'Hot physical sound just learn then.', 608.2556, 'Per', '2024-06-11 12:45:13', 'Completed');
        

        INSERT INTO Treatment (Appointment_ID, Treatment_ID, Diagnosis, Cost, Treatment_Procedure, Treatment_Date_Time, Treatment_Status)
        VALUES ('A00133', 1, 'Nature realize southern street contain relate.', 958.558, 'Sell', '2025-02-21 10:19:46', 'In-Progress');
        

        INSERT INTO Treatment (Appointment_ID, Treatment_ID, Diagnosis, Cost, Treatment_Procedure, Treatment_Date_Time, Treatment_Status)
        VALUES ('A00133', 2, 'Town wide card board during.', 102.7991, 'When', '2025-01-09 09:23:00', 'In-Progress');
        

        INSERT INTO Treatment (Appointment_ID, Treatment_ID, Diagnosis, Cost, Treatment_Procedure, Treatment_Date_Time, Treatment_Status)
        VALUES ('A00134', 1, 'Finally site tend staff.', 881.9681, 'Off', '2024-11-16 00:39:18', 'In-Progress');
        

        INSERT INTO Treatment (Appointment_ID, Treatment_ID, Diagnosis, Cost, Treatment_Procedure, Treatment_Date_Time, Treatment_Status)
        VALUES ('A00134', 2, 'Religious base service stand.', 171.6827, 'Mouth', '2024-08-10 14:50:38', 'In-Progress');
        

        INSERT INTO Treatment (Appointment_ID, Treatment_ID, Diagnosis, Cost, Treatment_Procedure, Treatment_Date_Time, Treatment_Status)
        VALUES ('A00134', 3, 'Capital culture their perhaps.', 856.1229, 'Board', '2025-04-06 22:57:50', 'In-Progress');
        

        INSERT INTO Treatment (Appointment_ID, Treatment_ID, Diagnosis, Cost, Treatment_Procedure, Treatment_Date_Time, Treatment_Status)
        VALUES ('A00135', 1, 'Interest concern important son participant.', 951.3623, 'White', '2024-12-22 03:58:50', 'In-Progress');
        

        INSERT INTO Treatment (Appointment_ID, Treatment_ID, Diagnosis, Cost, Treatment_Procedure, Treatment_Date_Time, Treatment_Status)
        VALUES ('A00136', 1, 'Recent type rest.', 808.9133, 'Off', '2024-07-22 05:55:05', 'In-Progress');
        

        INSERT INTO Treatment (Appointment_ID, Treatment_ID, Diagnosis, Cost, Treatment_Procedure, Treatment_Date_Time, Treatment_Status)
        VALUES ('A00136', 2, 'Unit difficult matter police.', 746.0135, 'Apply', '2025-03-03 02:52:50', 'Canceled');
        

        INSERT INTO Treatment (Appointment_ID, Treatment_ID, Diagnosis, Cost, Treatment_Procedure, Treatment_Date_Time, Treatment_Status)
        VALUES ('A00136', 3, 'Wind radio less must cut.', 934.8845, 'Though', '2024-07-08 12:12:22', 'Completed');
        

        INSERT INTO Treatment (Appointment_ID, Treatment_ID, Diagnosis, Cost, Treatment_Procedure, Treatment_Date_Time, Treatment_Status)
        VALUES ('A00137', 1, 'Foot yard make.', 665.6786, 'Baby', '2024-12-08 09:43:13', 'In-Progress');
        

        INSERT INTO Treatment (Appointment_ID, Treatment_ID, Diagnosis, Cost, Treatment_Procedure, Treatment_Date_Time, Treatment_Status)
        VALUES ('A00137', 2, 'Shoulder war film Mr different admit.', 653.4434, 'Business', '2025-02-01 12:22:29', 'Completed');
        

        INSERT INTO Treatment (Appointment_ID, Treatment_ID, Diagnosis, Cost, Treatment_Procedure, Treatment_Date_Time, Treatment_Status)
        VALUES ('A00137', 3, 'Land operation walk according.', 327.2256, 'Position', '2024-09-19 11:00:53', 'Canceled');
        

        INSERT INTO Treatment (Appointment_ID, Treatment_ID, Diagnosis, Cost, Treatment_Procedure, Treatment_Date_Time, Treatment_Status)
        VALUES ('A00138', 1, 'Program address agent life.', 663.1878, 'Whom', '2024-05-24 09:44:47', 'Completed');
        

        INSERT INTO Treatment (Appointment_ID, Treatment_ID, Diagnosis, Cost, Treatment_Procedure, Treatment_Date_Time, Treatment_Status)
        VALUES ('A00139', 1, 'Beat yourself find.', 180.6574, 'Back', '2025-04-29 19:21:43', 'Waiting');
        

        INSERT INTO Treatment (Appointment_ID, Treatment_ID, Diagnosis, Cost, Treatment_Procedure, Treatment_Date_Time, Treatment_Status)
        VALUES ('A00139', 2, 'Start wonder space.', 704.4809, 'Poor', '2024-05-19 13:17:02', 'Canceled');
        

        INSERT INTO Treatment (Appointment_ID, Treatment_ID, Diagnosis, Cost, Treatment_Procedure, Treatment_Date_Time, Treatment_Status)
        VALUES ('A00140', 1, 'Walk four stop part agency stock window.', 556.6942, 'Similar', '2024-11-11 10:57:09', 'In-Progress');
        

        INSERT INTO Treatment (Appointment_ID, Treatment_ID, Diagnosis, Cost, Treatment_Procedure, Treatment_Date_Time, Treatment_Status)
        VALUES ('A00141', 1, 'Face partner draw go focus.', 777.6804, 'Kind', '2024-07-19 00:41:20', 'Waiting');
        

        INSERT INTO Treatment (Appointment_ID, Treatment_ID, Diagnosis, Cost, Treatment_Procedure, Treatment_Date_Time, Treatment_Status)
        VALUES ('A00141', 2, 'Apply ahead thought side name.', 342.8558, 'Through', '2024-08-30 05:25:07', 'Canceled');
        

        INSERT INTO Treatment (Appointment_ID, Treatment_ID, Diagnosis, Cost, Treatment_Procedure, Treatment_Date_Time, Treatment_Status)
        VALUES ('A00141', 3, 'Other activity I.', 949.9787, 'Even', '2024-08-10 09:41:59', 'Completed');
        

        INSERT INTO Treatment (Appointment_ID, Treatment_ID, Diagnosis, Cost, Treatment_Procedure, Treatment_Date_Time, Treatment_Status)
        VALUES ('A00142', 1, 'Always concern laugh.', 577.3078, 'Physical', '2024-07-03 00:41:28', 'Waiting');
        

        INSERT INTO Treatment (Appointment_ID, Treatment_ID, Diagnosis, Cost, Treatment_Procedure, Treatment_Date_Time, Treatment_Status)
        VALUES ('A00142', 2, 'Stuff rock foreign pressure.', 595.4036, 'More', '2025-01-31 16:38:01', 'Completed');
        

        INSERT INTO Treatment (Appointment_ID, Treatment_ID, Diagnosis, Cost, Treatment_Procedure, Treatment_Date_Time, Treatment_Status)
        VALUES ('A00143', 1, 'Mention detail enough.', 613.4494, 'Through', '2024-09-25 05:13:54', 'Waiting');
        

        INSERT INTO Treatment (Appointment_ID, Treatment_ID, Diagnosis, Cost, Treatment_Procedure, Treatment_Date_Time, Treatment_Status)
        VALUES ('A00143', 2, 'Fear thus north do film modern.', 940.6809, 'Final', '2024-08-20 12:47:06', 'Completed');
        

        INSERT INTO Treatment (Appointment_ID, Treatment_ID, Diagnosis, Cost, Treatment_Procedure, Treatment_Date_Time, Treatment_Status)
        VALUES ('A00143', 3, 'Magazine record indicate wish compare.', 510.3259, 'Than', '2025-01-24 18:03:06', 'Completed');
        

        INSERT INTO Treatment (Appointment_ID, Treatment_ID, Diagnosis, Cost, Treatment_Procedure, Treatment_Date_Time, Treatment_Status)
        VALUES ('A00144', 1, 'Ever he war modern.', 411.93, 'Race', '2024-10-24 09:31:14', 'Completed');
        

        INSERT INTO Treatment (Appointment_ID, Treatment_ID, Diagnosis, Cost, Treatment_Procedure, Treatment_Date_Time, Treatment_Status)
        VALUES ('A00144', 2, 'Type improve simple know garden say.', 118.6154, 'Positive', '2024-11-07 15:27:44', 'Completed');
        

        INSERT INTO Treatment (Appointment_ID, Treatment_ID, Diagnosis, Cost, Treatment_Procedure, Treatment_Date_Time, Treatment_Status)
        VALUES ('A00145', 1, 'Unit send strategy against.', 712.6528, 'World', '2024-06-02 20:02:58', 'Waiting');
        

        INSERT INTO Treatment (Appointment_ID, Treatment_ID, Diagnosis, Cost, Treatment_Procedure, Treatment_Date_Time, Treatment_Status)
        VALUES ('A00145', 2, 'Value institution wait maybe.', 995.4464, 'Benefit', '2024-11-09 14:18:10', 'In-Progress');
        

        INSERT INTO Treatment (Appointment_ID, Treatment_ID, Diagnosis, Cost, Treatment_Procedure, Treatment_Date_Time, Treatment_Status)
        VALUES ('A00146', 1, 'Result level wind finally.', 564.6349, 'Reality', '2024-12-05 17:02:47', 'Canceled');
        

        INSERT INTO Treatment (Appointment_ID, Treatment_ID, Diagnosis, Cost, Treatment_Procedure, Treatment_Date_Time, Treatment_Status)
        VALUES ('A00146', 2, 'He listen professor difficult player last.', 980.6091, 'Effect', '2024-08-11 05:30:58', 'Waiting');
        

        INSERT INTO Treatment (Appointment_ID, Treatment_ID, Diagnosis, Cost, Treatment_Procedure, Treatment_Date_Time, Treatment_Status)
        VALUES ('A00146', 3, 'Dinner alone body front indicate central.', 288.0728, 'Identify', '2024-10-30 14:37:57', 'Waiting');
        

        INSERT INTO Treatment (Appointment_ID, Treatment_ID, Diagnosis, Cost, Treatment_Procedure, Treatment_Date_Time, Treatment_Status)
        VALUES ('A00147', 1, 'Increase discuss health.', 627.5313, 'Themselves', '2025-01-16 14:15:10', 'Waiting');
        

        INSERT INTO Books (Booking_ID, Patient_ID, Appointment_ID, Booking_Date_Time)
        VALUES ('B04767', 'P00021', 'A00026', '2024-10-29 10:37:30');
        

        INSERT INTO Books (Booking_ID, Patient_ID, Appointment_ID, Booking_Date_Time)
        VALUES ('B83449', 'P00020', 'A00024', '2024-06-19 06:39:35');
        

        INSERT INTO Books (Booking_ID, Patient_ID, Appointment_ID, Booking_Date_Time)
        VALUES ('B02057', 'P00043', 'A00059', '2025-01-26 18:07:47');
        

        INSERT INTO Books (Booking_ID, Patient_ID, Appointment_ID, Booking_Date_Time)
        VALUES ('B69350', 'P00096', 'A00140', '2024-09-11 01:02:20');
        

        INSERT INTO Books (Booking_ID, Patient_ID, Appointment_ID, Booking_Date_Time)
        VALUES ('B89163', 'P00002', 'A00002', '2024-08-14 22:23:39');
        

        INSERT INTO Books (Booking_ID, Patient_ID, Appointment_ID, Booking_Date_Time)
        VALUES ('B82695', 'P00075', 'A00106', '2024-12-24 04:51:25');
        

        INSERT INTO Books (Booking_ID, Patient_ID, Appointment_ID, Booking_Date_Time)
        VALUES ('B82289', 'P00007', 'A00007', '2024-06-25 14:14:46');
        

        INSERT INTO Books (Booking_ID, Patient_ID, Appointment_ID, Booking_Date_Time)
        VALUES ('B02509', 'P00073', 'A00103', '2025-02-14 10:19:05');
        

        INSERT INTO Books (Booking_ID, Patient_ID, Appointment_ID, Booking_Date_Time)
        VALUES ('B74916', 'P00099', 'A00144', '2025-02-04 11:08:18');
        

        INSERT INTO Books (Booking_ID, Patient_ID, Appointment_ID, Booking_Date_Time)
        VALUES ('B35976', 'P00045', 'A00061', '2024-08-29 15:26:32');
        

        INSERT INTO Books (Booking_ID, Patient_ID, Appointment_ID, Booking_Date_Time)
        VALUES ('B99363', 'P00047', 'A00064', '2024-05-20 04:17:31');
        

        INSERT INTO Books (Booking_ID, Patient_ID, Appointment_ID, Booking_Date_Time)
        VALUES ('B10214', 'P00038', 'A00051', '2024-07-21 00:46:55');
        

        INSERT INTO Books (Booking_ID, Patient_ID, Appointment_ID, Booking_Date_Time)
        VALUES ('B31030', 'P00081', 'A00117', '2024-11-25 14:21:46');
        

        INSERT INTO Books (Booking_ID, Patient_ID, Appointment_ID, Booking_Date_Time)
        VALUES ('B66703', 'P00089', 'A00129', '2024-08-27 16:40:34');
        

        INSERT INTO Books (Booking_ID, Patient_ID, Appointment_ID, Booking_Date_Time)
        VALUES ('B24679', 'P00042', 'A00057', '2024-08-15 15:39:22');
        

        INSERT INTO Books (Booking_ID, Patient_ID, Appointment_ID, Booking_Date_Time)
        VALUES ('B57737', 'P00064', 'A00090', '2024-08-06 12:11:53');
        

        INSERT INTO Books (Booking_ID, Patient_ID, Appointment_ID, Booking_Date_Time)
        VALUES ('B55935', 'P00052', 'A00073', '2024-06-06 15:18:38');
        

        INSERT INTO Books (Booking_ID, Patient_ID, Appointment_ID, Booking_Date_Time)
        VALUES ('B35633', 'P00077', 'A00110', '2024-10-31 07:20:37');
        

        INSERT INTO Books (Booking_ID, Patient_ID, Appointment_ID, Booking_Date_Time)
        VALUES ('B57307', 'P00056', 'A00080', '2024-06-19 03:40:00');
        

        INSERT INTO Books (Booking_ID, Patient_ID, Appointment_ID, Booking_Date_Time)
        VALUES ('B79914', 'P00022', 'A00028', '2024-11-28 14:39:48');
        

        INSERT INTO Books (Booking_ID, Patient_ID, Appointment_ID, Booking_Date_Time)
        VALUES ('B11879', 'P00001', 'A00001', '2024-11-11 07:09:57');
        

        INSERT INTO Books (Booking_ID, Patient_ID, Appointment_ID, Booking_Date_Time)
        VALUES ('B03950', 'P00019', 'A00023', '2025-02-20 10:33:30');
        

        INSERT INTO Books (Booking_ID, Patient_ID, Appointment_ID, Booking_Date_Time)
        VALUES ('B01438', 'P00093', 'A00134', '2024-09-07 19:06:52');
        

        INSERT INTO Books (Booking_ID, Patient_ID, Appointment_ID, Booking_Date_Time)
        VALUES ('B26580', 'P00006', 'A00006', '2025-04-09 10:25:52');
        

        INSERT INTO Books (Booking_ID, Patient_ID, Appointment_ID, Booking_Date_Time)
        VALUES ('B50676', 'P00057', 'A00081', '2024-07-15 03:06:14');
        

        INSERT INTO Books (Booking_ID, Patient_ID, Appointment_ID, Booking_Date_Time)
        VALUES ('B83280', 'P00017', 'A00020', '2024-09-01 22:04:08');
        

        INSERT INTO Books (Booking_ID, Patient_ID, Appointment_ID, Booking_Date_Time)
        VALUES ('B91371', 'P00044', 'A00060', '2024-11-17 14:33:01');
        

        INSERT INTO Books (Booking_ID, Patient_ID, Appointment_ID, Booking_Date_Time)
        VALUES ('B76375', 'P00097', 'A00141', '2024-06-15 14:09:27');
        

        INSERT INTO Books (Booking_ID, Patient_ID, Appointment_ID, Booking_Date_Time)
        VALUES ('B46476', 'P00062', 'A00088', '2024-05-07 10:57:15');
        

        INSERT INTO Books (Booking_ID, Patient_ID, Appointment_ID, Booking_Date_Time)
        VALUES ('B73980', 'P00033', 'A00044', '2024-07-24 03:28:47');
        

        INSERT INTO Books (Booking_ID, Patient_ID, Appointment_ID, Booking_Date_Time)
        VALUES ('B43007', 'P00025', 'A00031', '2024-07-30 22:16:10');
        

        INSERT INTO Books (Booking_ID, Patient_ID, Appointment_ID, Booking_Date_Time)
        VALUES ('B52179', 'P00009', 'A00009', '2024-09-24 03:01:57');
        

        INSERT INTO Books (Booking_ID, Patient_ID, Appointment_ID, Booking_Date_Time)
        VALUES ('B68380', 'P00055', 'A00078', '2024-12-01 03:11:09');
        

        INSERT INTO Books (Booking_ID, Patient_ID, Appointment_ID, Booking_Date_Time)
        VALUES ('B05451', 'P00036', 'A00047', '2025-04-13 14:44:32');
        

        INSERT INTO Books (Booking_ID, Patient_ID, Appointment_ID, Booking_Date_Time)
        VALUES ('B74177', 'P00023', 'A00029', '2025-04-07 09:36:37');
        

        INSERT INTO Books (Booking_ID, Patient_ID, Appointment_ID, Booking_Date_Time)
        VALUES ('B47320', 'P00088', 'A00128', '2024-07-14 17:02:42');
        

        INSERT INTO Books (Booking_ID, Patient_ID, Appointment_ID, Booking_Date_Time)
        VALUES ('B09093', 'P00069', 'A00096', '2024-09-28 00:16:06');
        

        INSERT INTO Books (Booking_ID, Patient_ID, Appointment_ID, Booking_Date_Time)
        VALUES ('B94017', 'P00098', 'A00143', '2025-03-14 16:46:46');
        

        INSERT INTO Books (Booking_ID, Patient_ID, Appointment_ID, Booking_Date_Time)
        VALUES ('B88002', 'P00041', 'A00055', '2024-09-12 08:27:08');
        

        INSERT INTO Books (Booking_ID, Patient_ID, Appointment_ID, Booking_Date_Time)
        VALUES ('B05652', 'P00011', 'A00011', '2024-08-03 22:59:09');
        

        INSERT INTO Books (Booking_ID, Patient_ID, Appointment_ID, Booking_Date_Time)
        VALUES ('B03328', 'P00087', 'A00126', '2024-09-03 12:40:37');
        

        INSERT INTO Books (Booking_ID, Patient_ID, Appointment_ID, Booking_Date_Time)
        VALUES ('B51466', 'P00008', 'A00008', '2024-07-20 11:33:33');
        

        INSERT INTO Books (Booking_ID, Patient_ID, Appointment_ID, Booking_Date_Time)
        VALUES ('B83306', 'P00071', 'A00099', '2025-04-06 12:55:24');
        

        INSERT INTO Books (Booking_ID, Patient_ID, Appointment_ID, Booking_Date_Time)
        VALUES ('B53270', 'P00072', 'A00101', '2025-01-09 20:47:22');
        

        INSERT INTO Books (Booking_ID, Patient_ID, Appointment_ID, Booking_Date_Time)
        VALUES ('B78075', 'P00051', 'A00071', '2024-11-21 18:22:02');
        

        INSERT INTO Books (Booking_ID, Patient_ID, Appointment_ID, Booking_Date_Time)
        VALUES ('B52980', 'P00035', 'A00046', '2025-02-25 00:19:39');
        

        INSERT INTO Books (Booking_ID, Patient_ID, Appointment_ID, Booking_Date_Time)
        VALUES ('B67043', 'P00039', 'A00053', '2025-04-20 06:15:16');
        

        INSERT INTO Books (Booking_ID, Patient_ID, Appointment_ID, Booking_Date_Time)
        VALUES ('B21354', 'P00070', 'A00098', '2024-05-27 09:16:46');
        

        INSERT INTO Books (Booking_ID, Patient_ID, Appointment_ID, Booking_Date_Time)
        VALUES ('B17558', 'P00049', 'A00068', '2025-01-22 22:10:41');
        

        INSERT INTO Books (Booking_ID, Patient_ID, Appointment_ID, Booking_Date_Time)
        VALUES ('B92447', 'P00028', 'A00036', '2024-09-30 03:13:31');
        

        INSERT INTO Books (Booking_ID, Patient_ID, Appointment_ID, Booking_Date_Time)
        VALUES ('B95658', 'P00018', 'A00021', '2024-08-13 19:21:13');
        

        INSERT INTO Books (Booking_ID, Patient_ID, Appointment_ID, Booking_Date_Time)
        VALUES ('B72738', 'P00092', 'A00132', '2024-08-26 12:40:49');
        

        INSERT INTO Books (Booking_ID, Patient_ID, Appointment_ID, Booking_Date_Time)
        VALUES ('B23622', 'P00079', 'A00114', '2024-10-03 14:04:50');
        

        INSERT INTO Books (Booking_ID, Patient_ID, Appointment_ID, Booking_Date_Time)
        VALUES ('B76793', 'P00080', 'A00116', '2024-08-18 18:19:36');
        

        INSERT INTO Books (Booking_ID, Patient_ID, Appointment_ID, Booking_Date_Time)
        VALUES ('B10582', 'P00082', 'A00118', '2024-06-07 20:41:44');
        

        INSERT INTO Books (Booking_ID, Patient_ID, Appointment_ID, Booking_Date_Time)
        VALUES ('B34811', 'P00050', 'A00070', '2025-01-04 09:33:29');
        

        INSERT INTO Books (Booking_ID, Patient_ID, Appointment_ID, Booking_Date_Time)
        VALUES ('B34206', 'P00095', 'A00137', '2024-05-28 12:42:14');
        

        INSERT INTO Books (Booking_ID, Patient_ID, Appointment_ID, Booking_Date_Time)
        VALUES ('B91804', 'P00068', 'A00095', '2024-05-06 07:19:18');
        

        INSERT INTO Books (Booking_ID, Patient_ID, Appointment_ID, Booking_Date_Time)
        VALUES ('B33980', 'P00034', 'A00045', '2025-05-02 00:56:26');
        

        INSERT INTO Books (Booking_ID, Patient_ID, Appointment_ID, Booking_Date_Time)
        VALUES ('B20343', 'P00067', 'A00094', '2025-05-03 23:37:13');
        

        INSERT INTO Books (Booking_ID, Patient_ID, Appointment_ID, Booking_Date_Time)
        VALUES ('B72447', 'P00100', 'A00147', '2024-12-19 14:29:38');
        

        INSERT INTO Books (Booking_ID, Patient_ID, Appointment_ID, Booking_Date_Time)
        VALUES ('B05060', 'P00065', 'A00091', '2025-03-21 05:05:46');
        

        INSERT INTO Books (Booking_ID, Patient_ID, Appointment_ID, Booking_Date_Time)
        VALUES ('B84090', 'P00013', 'A00013', '2024-06-26 14:03:42');
        

        INSERT INTO Books (Booking_ID, Patient_ID, Appointment_ID, Booking_Date_Time)
        VALUES ('B99313', 'P00046', 'A00063', '2024-08-02 14:30:25');
        

        INSERT INTO Books (Booking_ID, Patient_ID, Appointment_ID, Booking_Date_Time)
        VALUES ('B09391', 'P00010', 'A00010', '2025-04-16 06:51:30');
        

        INSERT INTO Books (Booking_ID, Patient_ID, Appointment_ID, Booking_Date_Time)
        VALUES ('B84988', 'P00090', 'A00130', '2024-12-09 18:38:56');
        

        INSERT INTO Books (Booking_ID, Patient_ID, Appointment_ID, Booking_Date_Time)
        VALUES ('B80071', 'P00058', 'A00082', '2024-05-06 10:52:52');
        

        INSERT INTO Books (Booking_ID, Patient_ID, Appointment_ID, Booking_Date_Time)
        VALUES ('B60119', 'P00076', 'A00107', '2024-12-01 14:30:11');
        

        INSERT INTO Books (Booking_ID, Patient_ID, Appointment_ID, Booking_Date_Time)
        VALUES ('B93000', 'P00053', 'A00074', '2025-02-11 00:09:55');
        

        INSERT INTO Books (Booking_ID, Patient_ID, Appointment_ID, Booking_Date_Time)
        VALUES ('B85880', 'P00012', 'A00012', '2024-06-24 15:59:21');
        

        INSERT INTO Cancel (Patient_ID, Appointment_ID, Cancellation_Date_Time, Reason)
        VALUES ('P00018', 'A00021', '2024-12-20 12:49:58', 'Wait TV common once vote wrong market though.');
        

        INSERT INTO Cancel (Patient_ID, Appointment_ID, Cancellation_Date_Time, Reason)
        VALUES ('P00061', 'A00086', '2025-04-05 19:00:26', 'There question visit race build decision determine.');
        

        INSERT INTO Cancel (Patient_ID, Appointment_ID, Cancellation_Date_Time, Reason)
        VALUES ('P00072', 'A00101', '2024-07-05 07:46:23', 'Middle fill far gas career.');
        

        INSERT INTO Cancel (Patient_ID, Appointment_ID, Cancellation_Date_Time, Reason)
        VALUES ('P00008', 'A00008', '2024-11-07 20:53:21', 'Mention several home yard.');
        

        INSERT INTO Cancel (Patient_ID, Appointment_ID, Cancellation_Date_Time, Reason)
        VALUES ('P00070', 'A00098', '2024-09-18 09:02:02', 'Left car it large rock.');
        

        INSERT INTO Cancel (Patient_ID, Appointment_ID, Cancellation_Date_Time, Reason)
        VALUES ('P00011', 'A00011', '2025-04-18 01:00:42', 'Anything notice season probably office another perform view.');
        

        INSERT INTO Cancel (Patient_ID, Appointment_ID, Cancellation_Date_Time, Reason)
        VALUES ('P00067', 'A00094', '2024-05-16 22:22:42', 'Others throughout attention.');
        

        INSERT INTO Cancel (Patient_ID, Appointment_ID, Cancellation_Date_Time, Reason)
        VALUES ('P00044', 'A00060', '2024-05-18 12:13:19', 'Forward against federal hot here.');
        

        INSERT INTO Cancel (Patient_ID, Appointment_ID, Cancellation_Date_Time, Reason)
        VALUES ('P00001', 'A00001', '2025-02-16 10:28:11', 'Seem really successful eat than kitchen.');
        

        INSERT INTO Cancel (Patient_ID, Appointment_ID, Cancellation_Date_Time, Reason)
        VALUES ('P00095', 'A00137', '2025-04-13 06:55:12', 'Finish later would challenge notice same.');
        

        INSERT INTO Cancel (Patient_ID, Appointment_ID, Cancellation_Date_Time, Reason)
        VALUES ('P00014', 'A00015', '2024-08-23 20:15:37', 'Per break skin world eat matter shoulder.');
        

        INSERT INTO Cancel (Patient_ID, Appointment_ID, Cancellation_Date_Time, Reason)
        VALUES ('P00055', 'A00078', '2024-10-12 11:55:29', 'Friend attack guy address chair professor everybody.');
        

        INSERT INTO Cancel (Patient_ID, Appointment_ID, Cancellation_Date_Time, Reason)
        VALUES ('P00078', 'A00112', '2024-06-24 12:01:17', 'Class game may television sense.');
        

        INSERT INTO Cancel (Patient_ID, Appointment_ID, Cancellation_Date_Time, Reason)
        VALUES ('P00046', 'A00063', '2024-12-21 06:44:09', 'Without method crime.');
        

        INSERT INTO Cancel (Patient_ID, Appointment_ID, Cancellation_Date_Time, Reason)
        VALUES ('P00073', 'A00103', '2024-11-11 22:26:39', 'Company light data language his few.');
        

        INSERT INTO Cancel (Patient_ID, Appointment_ID, Cancellation_Date_Time, Reason)
        VALUES ('P00058', 'A00082', '2024-08-02 08:01:48', 'Might leg increase task.');
        

        INSERT INTO Cancel (Patient_ID, Appointment_ID, Cancellation_Date_Time, Reason)
        VALUES ('P00043', 'A00059', '2024-08-19 22:16:29', 'Beat she popular difficult mouth arrive.');
        

        INSERT INTO Cancel (Patient_ID, Appointment_ID, Cancellation_Date_Time, Reason)
        VALUES ('P00049', 'A00068', '2024-07-17 05:06:42', 'Section can draw culture all glass loss.');
        

        INSERT INTO Cancel (Patient_ID, Appointment_ID, Cancellation_Date_Time, Reason)
        VALUES ('P00066', 'A00092', '2025-03-08 09:00:36', 'North follow few if available sister.');
        

        INSERT INTO Cancel (Patient_ID, Appointment_ID, Cancellation_Date_Time, Reason)
        VALUES ('P00047', 'A00065', '2025-04-27 18:30:52', 'Policy open size behind section rather check north.');
        

        INSERT INTO Cancel (Patient_ID, Appointment_ID, Cancellation_Date_Time, Reason)
        VALUES ('P00016', 'A00018', '2025-03-13 21:47:21', 'Agency nice probably international fact.');
        

        INSERT INTO Cancel (Patient_ID, Appointment_ID, Cancellation_Date_Time, Reason)
        VALUES ('P00100', 'A00147', '2024-09-08 04:30:27', 'Arrive year event yet form small force.');
        

        INSERT INTO Cancel (Patient_ID, Appointment_ID, Cancellation_Date_Time, Reason)
        VALUES ('P00041', 'A00055', '2024-06-07 02:03:49', 'Worker finish now care.');
        

        INSERT INTO Cancel (Patient_ID, Appointment_ID, Cancellation_Date_Time, Reason)
        VALUES ('P00003', 'A00003', '2024-05-26 12:18:57', 'Option enough specific support road.');
        

        INSERT INTO Cancel (Patient_ID, Appointment_ID, Cancellation_Date_Time, Reason)
        VALUES ('P00024', 'A00030', '2024-07-31 17:53:03', 'Son time Democrat deal pattern thing stage.');
        

        INSERT INTO Cancel (Patient_ID, Appointment_ID, Cancellation_Date_Time, Reason)
        VALUES ('P00017', 'A00019', '2025-03-19 09:10:08', 'Ball seat vote wish.');
        

        INSERT INTO Cancel (Patient_ID, Appointment_ID, Cancellation_Date_Time, Reason)
        VALUES ('P00077', 'A00109', '2024-09-28 23:44:35', 'Quickly fall third former watch positive.');
        

        INSERT INTO Cancel (Patient_ID, Appointment_ID, Cancellation_Date_Time, Reason)
        VALUES ('P00093', 'A00134', '2024-07-20 19:35:19', 'Talk some third positive certain available car more.');
        

        INSERT INTO Cancel (Patient_ID, Appointment_ID, Cancellation_Date_Time, Reason)
        VALUES ('P00025', 'A00031', '2024-11-09 21:18:40', 'One knowledge resource much practice.');
        

        INSERT INTO Cancel (Patient_ID, Appointment_ID, Cancellation_Date_Time, Reason)
        VALUES ('P00006', 'A00006', '2025-04-03 12:02:03', 'Beat support down wide leader indicate.');
        

        INSERT INTO Pays (Payment_ID, Patient_ID, Appointment_ID, Amount_Paid, Payment_Method, Payment_Status)
        VALUES ('PY05005', 'P00052', 'A00073', 199.5656, 'Cash', 'Paid');
        

        INSERT INTO Pays (Payment_ID, Patient_ID, Appointment_ID, Amount_Paid, Payment_Method, Payment_Status)
        VALUES ('PY88289', 'P00079', 'A00113', 976.1916, 'Cash', 'Unpaid');
        

        INSERT INTO Pays (Payment_ID, Patient_ID, Appointment_ID, Amount_Paid, Payment_Method, Payment_Status)
        VALUES ('PY74455', 'P00089', 'A00129', 1109.3792, 'Card', 'Paid');
        

        INSERT INTO Pays (Payment_ID, Patient_ID, Appointment_ID, Amount_Paid, Payment_Method, Payment_Status)
        VALUES ('PY47714', 'P00084', 'A00121', 685.7651, 'GCash', 'Unpaid');
        

        INSERT INTO Pays (Payment_ID, Patient_ID, Appointment_ID, Amount_Paid, Payment_Method, Payment_Status)
        VALUES ('PY17013', 'P00002', 'A00002', 578.1464, 'GCash', 'Unpaid');
        

        INSERT INTO Pays (Payment_ID, Patient_ID, Appointment_ID, Amount_Paid, Payment_Method, Payment_Status)
        VALUES ('PY56563', 'P00042', 'A00057', 1090.4895, 'Cash', 'Unpaid');
        

        INSERT INTO Pays (Payment_ID, Patient_ID, Appointment_ID, Amount_Paid, Payment_Method, Payment_Status)
        VALUES ('PY29496', 'P00059', 'A00083', 1112.1542, 'Cash', 'Unpaid');
        

        INSERT INTO Pays (Payment_ID, Patient_ID, Appointment_ID, Amount_Paid, Payment_Method, Payment_Status)
        VALUES ('PY76203', 'P00071', 'A00100', 222.4686, 'Card', 'Unpaid');
        

        INSERT INTO Pays (Payment_ID, Patient_ID, Appointment_ID, Amount_Paid, Payment_Method, Payment_Status)
        VALUES ('PY71086', 'P00098', 'A00143', 172.8135, 'GCash', 'Unpaid');
        

        INSERT INTO Pays (Payment_ID, Patient_ID, Appointment_ID, Amount_Paid, Payment_Method, Payment_Status)
        VALUES ('PY36213', 'P00064', 'A00090', 192.3193, 'Card', 'Unpaid');
        

        INSERT INTO Pays (Payment_ID, Patient_ID, Appointment_ID, Amount_Paid, Payment_Method, Payment_Status)
        VALUES ('PY70055', 'P00061', 'A00086', 1071.5214, 'Cash', 'Paid');
        

        INSERT INTO Pays (Payment_ID, Patient_ID, Appointment_ID, Amount_Paid, Payment_Method, Payment_Status)
        VALUES ('PY03513', 'P00011', 'A00011', 956.1315, 'GCash', 'Unpaid');
        

        INSERT INTO Pays (Payment_ID, Patient_ID, Appointment_ID, Amount_Paid, Payment_Method, Payment_Status)
        VALUES ('PY13739', 'P00007', 'A00007', 898.8549, 'GCash', 'Unpaid');
        

        INSERT INTO Pays (Payment_ID, Patient_ID, Appointment_ID, Amount_Paid, Payment_Method, Payment_Status)
        VALUES ('PY22231', 'P00069', 'A00096', 507.5206, 'Card', 'Paid');
        

        INSERT INTO Pays (Payment_ID, Patient_ID, Appointment_ID, Amount_Paid, Payment_Method, Payment_Status)
        VALUES ('PY99855', 'P00100', 'A00147', 678.741, 'Card', 'Unpaid');
        

        INSERT INTO Pays (Payment_ID, Patient_ID, Appointment_ID, Amount_Paid, Payment_Method, Payment_Status)
        VALUES ('PY82393', 'P00034', 'A00045', 525.5024, 'Card', 'Paid');
        

        INSERT INTO Pays (Payment_ID, Patient_ID, Appointment_ID, Amount_Paid, Payment_Method, Payment_Status)
        VALUES ('PY33769', 'P00004', 'A00004', 335.7427, 'GCash', 'Unpaid');
        

        INSERT INTO Pays (Payment_ID, Patient_ID, Appointment_ID, Amount_Paid, Payment_Method, Payment_Status)
        VALUES ('PY49823', 'P00083', 'A00120', 816.1442, 'Card', 'Unpaid');
        

        INSERT INTO Pays (Payment_ID, Patient_ID, Appointment_ID, Amount_Paid, Payment_Method, Payment_Status)
        VALUES ('PY89421', 'P00067', 'A00093', 581.0743, 'Card', 'Paid');
        

        INSERT INTO Pays (Payment_ID, Patient_ID, Appointment_ID, Amount_Paid, Payment_Method, Payment_Status)
        VALUES ('PY17585', 'P00013', 'A00013', 288.7639, 'GCash', 'Unpaid');
        

        INSERT INTO Pays (Payment_ID, Patient_ID, Appointment_ID, Amount_Paid, Payment_Method, Payment_Status)
        VALUES ('PY04093', 'P00092', 'A00132', 602.1063, 'Card', 'Unpaid');
        

        INSERT INTO Pays (Payment_ID, Patient_ID, Appointment_ID, Amount_Paid, Payment_Method, Payment_Status)
        VALUES ('PY84135', 'P00043', 'A00059', 896.3083, 'GCash', 'Paid');
        

        INSERT INTO Pays (Payment_ID, Patient_ID, Appointment_ID, Amount_Paid, Payment_Method, Payment_Status)
        VALUES ('PY71423', 'P00046', 'A00063', 912.5204, 'Cash', 'Paid');
        

        INSERT INTO Pays (Payment_ID, Patient_ID, Appointment_ID, Amount_Paid, Payment_Method, Payment_Status)
        VALUES ('PY27193', 'P00081', 'A00117', 322.6951, 'Cash', 'Paid');
        

        INSERT INTO Pays (Payment_ID, Patient_ID, Appointment_ID, Amount_Paid, Payment_Method, Payment_Status)
        VALUES ('PY46790', 'P00090', 'A00130', 1094.8512, 'GCash', 'Unpaid');
        

        INSERT INTO Pays (Payment_ID, Patient_ID, Appointment_ID, Amount_Paid, Payment_Method, Payment_Status)
        VALUES ('PY89679', 'P00005', 'A00005', 274.4014, 'Card', 'Unpaid');
        

        INSERT INTO Pays (Payment_ID, Patient_ID, Appointment_ID, Amount_Paid, Payment_Method, Payment_Status)
        VALUES ('PY44889', 'P00020', 'A00024', 809.375, 'Card', 'Paid');
        

        INSERT INTO Pays (Payment_ID, Patient_ID, Appointment_ID, Amount_Paid, Payment_Method, Payment_Status)
        VALUES ('PY96967', 'P00082', 'A00119', 930.968, 'Card', 'Paid');
        

        INSERT INTO Pays (Payment_ID, Patient_ID, Appointment_ID, Amount_Paid, Payment_Method, Payment_Status)
        VALUES ('PY45420', 'P00037', 'A00049', 559.7783, 'Card', 'Unpaid');
        

        INSERT INTO Pays (Payment_ID, Patient_ID, Appointment_ID, Amount_Paid, Payment_Method, Payment_Status)
        VALUES ('PY53255', 'P00075', 'A00106', 1003.5892, 'GCash', 'Paid');
        

        INSERT INTO Pays (Payment_ID, Patient_ID, Appointment_ID, Amount_Paid, Payment_Method, Payment_Status)
        VALUES ('PY00645', 'P00001', 'A00001', 762.6667, 'GCash', 'Paid');
        

        INSERT INTO Pays (Payment_ID, Patient_ID, Appointment_ID, Amount_Paid, Payment_Method, Payment_Status)
        VALUES ('PY78091', 'P00049', 'A00068', 826.5151, 'GCash', 'Paid');
        

        INSERT INTO Pays (Payment_ID, Patient_ID, Appointment_ID, Amount_Paid, Payment_Method, Payment_Status)
        VALUES ('PY90249', 'P00044', 'A00060', 918.5156, 'Cash', 'Unpaid');
        

        INSERT INTO Pays (Payment_ID, Patient_ID, Appointment_ID, Amount_Paid, Payment_Method, Payment_Status)
        VALUES ('PY04722', 'P00021', 'A00025', 161.0102, 'Card', 'Unpaid');
        

        INSERT INTO Pays (Payment_ID, Patient_ID, Appointment_ID, Amount_Paid, Payment_Method, Payment_Status)
        VALUES ('PY14175', 'P00019', 'A00023', 859.7733, 'Card', 'Unpaid');
        

        INSERT INTO Pays (Payment_ID, Patient_ID, Appointment_ID, Amount_Paid, Payment_Method, Payment_Status)
        VALUES ('PY29979', 'P00073', 'A00103', 1118.8684, 'GCash', 'Paid');
        

        INSERT INTO Pays (Payment_ID, Patient_ID, Appointment_ID, Amount_Paid, Payment_Method, Payment_Status)
        VALUES ('PY03380', 'P00023', 'A00029', 1018.8617, 'Cash', 'Unpaid');
        

        INSERT INTO Pays (Payment_ID, Patient_ID, Appointment_ID, Amount_Paid, Payment_Method, Payment_Status)
        VALUES ('PY57434', 'P00050', 'A00070', 893.5381, 'Card', 'Unpaid');
        

        INSERT INTO Pays (Payment_ID, Patient_ID, Appointment_ID, Amount_Paid, Payment_Method, Payment_Status)
        VALUES ('PY76997', 'P00094', 'A00135', 290.9805, 'Card', 'Paid');
        

        INSERT INTO Pays (Payment_ID, Patient_ID, Appointment_ID, Amount_Paid, Payment_Method, Payment_Status)
        VALUES ('PY74049', 'P00080', 'A00116', 206.3355, 'Card', 'Paid');
        

        INSERT INTO Pays (Payment_ID, Patient_ID, Appointment_ID, Amount_Paid, Payment_Method, Payment_Status)
        VALUES ('PY43848', 'P00041', 'A00056', 394.7503, 'Card', 'Paid');
        

        INSERT INTO Pays (Payment_ID, Patient_ID, Appointment_ID, Amount_Paid, Payment_Method, Payment_Status)
        VALUES ('PY81266', 'P00068', 'A00095', 256.8961, 'GCash', 'Unpaid');
        

        INSERT INTO Pays (Payment_ID, Patient_ID, Appointment_ID, Amount_Paid, Payment_Method, Payment_Status)
        VALUES ('PY61955', 'P00016', 'A00018', 428.5723, 'Cash', 'Unpaid');
        

        INSERT INTO Pays (Payment_ID, Patient_ID, Appointment_ID, Amount_Paid, Payment_Method, Payment_Status)
        VALUES ('PY39644', 'P00057', 'A00081', 1044.7882, 'Cash', 'Unpaid');
        

        INSERT INTO Pays (Payment_ID, Patient_ID, Appointment_ID, Amount_Paid, Payment_Method, Payment_Status)
        VALUES ('PY08978', 'P00040', 'A00054', 652.0175, 'GCash', 'Unpaid');
        

        INSERT INTO Pays (Payment_ID, Patient_ID, Appointment_ID, Amount_Paid, Payment_Method, Payment_Status)
        VALUES ('PY34804', 'P00022', 'A00027', 656.4065, 'Cash', 'Unpaid');
        

        INSERT INTO Pays (Payment_ID, Patient_ID, Appointment_ID, Amount_Paid, Payment_Method, Payment_Status)
        VALUES ('PY47116', 'P00096', 'A00139', 1002.4564, 'Cash', 'Paid');
        

        INSERT INTO Pays (Payment_ID, Patient_ID, Appointment_ID, Amount_Paid, Payment_Method, Payment_Status)
        VALUES ('PY76874', 'P00031', 'A00040', 736.661, 'Cash', 'Paid');
        

        INSERT INTO Pays (Payment_ID, Patient_ID, Appointment_ID, Amount_Paid, Payment_Method, Payment_Status)
        VALUES ('PY73175', 'P00060', 'A00085', 884.7768, 'GCash', 'Unpaid');
        

        INSERT INTO Pays (Payment_ID, Patient_ID, Appointment_ID, Amount_Paid, Payment_Method, Payment_Status)
        VALUES ('PY61993', 'P00062', 'A00088', 737.5231, 'Card', 'Paid');
        

        INSERT INTO Pays (Payment_ID, Patient_ID, Appointment_ID, Amount_Paid, Payment_Method, Payment_Status)
        VALUES ('PY31679', 'P00026', 'A00032', 387.9828, 'Card', 'Unpaid');
        

        INSERT INTO Pays (Payment_ID, Patient_ID, Appointment_ID, Amount_Paid, Payment_Method, Payment_Status)
        VALUES ('PY01176', 'P00003', 'A00003', 670.4119, 'GCash', 'Unpaid');
        

        INSERT INTO Pays (Payment_ID, Patient_ID, Appointment_ID, Amount_Paid, Payment_Method, Payment_Status)
        VALUES ('PY10159', 'P00015', 'A00016', 470.0039, 'Card', 'Paid');
        

        INSERT INTO Pays (Payment_ID, Patient_ID, Appointment_ID, Amount_Paid, Payment_Method, Payment_Status)
        VALUES ('PY49960', 'P00058', 'A00082', 1053.7683, 'Cash', 'Paid');
        

        INSERT INTO Pays (Payment_ID, Patient_ID, Appointment_ID, Amount_Paid, Payment_Method, Payment_Status)
        VALUES ('PY26125', 'P00086', 'A00124', 929.5075, 'Card', 'Unpaid');
        

        INSERT INTO Pays (Payment_ID, Patient_ID, Appointment_ID, Amount_Paid, Payment_Method, Payment_Status)
        VALUES ('PY50377', 'P00066', 'A00092', 793.0373, 'Cash', 'Unpaid');
        

        INSERT INTO Pays (Payment_ID, Patient_ID, Appointment_ID, Amount_Paid, Payment_Method, Payment_Status)
        VALUES ('PY65570', 'P00055', 'A00078', 1062.083, 'Cash', 'Unpaid');
        

        INSERT INTO Pays (Payment_ID, Patient_ID, Appointment_ID, Amount_Paid, Payment_Method, Payment_Status)
        VALUES ('PY56613', 'P00076', 'A00108', 441.2824, 'Card', 'Unpaid');
        

        INSERT INTO Pays (Payment_ID, Patient_ID, Appointment_ID, Amount_Paid, Payment_Method, Payment_Status)
        VALUES ('PY62879', 'P00047', 'A00064', 1098.7788, 'Cash', 'Unpaid');
        

        INSERT INTO Pays (Payment_ID, Patient_ID, Appointment_ID, Amount_Paid, Payment_Method, Payment_Status)
        VALUES ('PY45091', 'P00091', 'A00131', 1129.5256, 'GCash', 'Paid');
        

        INSERT INTO Pays (Payment_ID, Patient_ID, Appointment_ID, Amount_Paid, Payment_Method, Payment_Status)
        VALUES ('PY65445', 'P00048', 'A00067', 390.1318, 'GCash', 'Unpaid');
        

        INSERT INTO Pays (Payment_ID, Patient_ID, Appointment_ID, Amount_Paid, Payment_Method, Payment_Status)
        VALUES ('PY60925', 'P00099', 'A00145', 689.2113, 'GCash', 'Paid');
        

        INSERT INTO Pays (Payment_ID, Patient_ID, Appointment_ID, Amount_Paid, Payment_Method, Payment_Status)
        VALUES ('PY65828', 'P00027', 'A00034', 476.7658, 'Cash', 'Unpaid');
        

        INSERT INTO Pays (Payment_ID, Patient_ID, Appointment_ID, Amount_Paid, Payment_Method, Payment_Status)
        VALUES ('PY12045', 'P00030', 'A00038', 645.3544, 'Card', 'Paid');
        

        INSERT INTO Pays (Payment_ID, Patient_ID, Appointment_ID, Amount_Paid, Payment_Method, Payment_Status)
        VALUES ('PY06374', 'P00024', 'A00030', 754.1518, 'Cash', 'Unpaid');
        

        INSERT INTO Pays (Payment_ID, Patient_ID, Appointment_ID, Amount_Paid, Payment_Method, Payment_Status)
        VALUES ('PY34533', 'P00009', 'A00009', 360.3167, 'Card', 'Paid');
        

        INSERT INTO Pays (Payment_ID, Patient_ID, Appointment_ID, Amount_Paid, Payment_Method, Payment_Status)
        VALUES ('PY23701', 'P00025', 'A00031', 987.0713, 'Card', 'Paid');
        

        INSERT INTO Pays (Payment_ID, Patient_ID, Appointment_ID, Amount_Paid, Payment_Method, Payment_Status)
        VALUES ('PY05728', 'P00070', 'A00098', 158.497, 'GCash', 'Paid');
        

        INSERT INTO Pays (Payment_ID, Patient_ID, Appointment_ID, Amount_Paid, Payment_Method, Payment_Status)
        VALUES ('PY15269', 'P00039', 'A00052', 1012.5809, 'GCash', 'Paid');
        

        INSERT INTO Pays (Payment_ID, Patient_ID, Appointment_ID, Amount_Paid, Payment_Method, Payment_Status)
        VALUES ('PY97133', 'P00072', 'A00101', 639.395, 'Cash', 'Unpaid');
        

        INSERT INTO Pays (Payment_ID, Patient_ID, Appointment_ID, Amount_Paid, Payment_Method, Payment_Status)
        VALUES ('PY70377', 'P00045', 'A00061', 335.9921, 'Cash', 'Paid');
        

        INSERT INTO Pays (Payment_ID, Patient_ID, Appointment_ID, Amount_Paid, Payment_Method, Payment_Status)
        VALUES ('PY50061', 'P00033', 'A00044', 648.4192, 'Cash', 'Unpaid');
        

        INSERT INTO Pays (Payment_ID, Patient_ID, Appointment_ID, Amount_Paid, Payment_Method, Payment_Status)
        VALUES ('PY49971', 'P00051', 'A00071', 1174.8691, 'Cash', 'Unpaid');
        

        INSERT INTO Pays (Payment_ID, Patient_ID, Appointment_ID, Amount_Paid, Payment_Method, Payment_Status)
        VALUES ('PY76391', 'P00077', 'A00109', 514.4222, 'Card', 'Unpaid');
        

        INSERT INTO Pays (Payment_ID, Patient_ID, Appointment_ID, Amount_Paid, Payment_Method, Payment_Status)
        VALUES ('PY83985', 'P00078', 'A00112', 291.0974, 'GCash', 'Paid');
        

        INSERT INTO Pays (Payment_ID, Patient_ID, Appointment_ID, Amount_Paid, Payment_Method, Payment_Status)
        VALUES ('PY13535', 'P00006', 'A00006', 900.584, 'Card', 'Paid');
        

        INSERT INTO Pays (Payment_ID, Patient_ID, Appointment_ID, Amount_Paid, Payment_Method, Payment_Status)
        VALUES ('PY81372', 'P00093', 'A00134', 960.717, 'Cash', 'Unpaid');
        

        INSERT INTO Pays (Payment_ID, Patient_ID, Appointment_ID, Amount_Paid, Payment_Method, Payment_Status)
        VALUES ('PY75128', 'P00029', 'A00037', 1174.6648, 'Card', 'Paid');
        

        INSERT INTO Pays (Payment_ID, Patient_ID, Appointment_ID, Amount_Paid, Payment_Method, Payment_Status)
        VALUES ('PY66587', 'P00063', 'A00089', 675.3886, 'GCash', 'Paid');
        

        INSERT INTO Pays (Payment_ID, Patient_ID, Appointment_ID, Amount_Paid, Payment_Method, Payment_Status)
        VALUES ('PY16325', 'P00032', 'A00043', 684.4467, 'Card', 'Unpaid');
        
