/*M!999999\- enable the sandbox mode */ 
-- MariaDB dump 10.19  Distrib 10.11.11-MariaDB, for debian-linux-gnu (x86_64)
--
-- Host: 127.0.0.1    Database: denticadb
-- ------------------------------------------------------
-- Server version	10.11.11-MariaDB-0+deb12u1

/*!40101 SET @OLD_CHARACTER_SET_CLIENT=@@CHARACTER_SET_CLIENT */;
/*!40101 SET @OLD_CHARACTER_SET_RESULTS=@@CHARACTER_SET_RESULTS */;
/*!40101 SET @OLD_COLLATION_CONNECTION=@@COLLATION_CONNECTION */;
/*!40101 SET NAMES utf8mb4 */;
/*!40103 SET @OLD_TIME_ZONE=@@TIME_ZONE */;
/*!40103 SET TIME_ZONE='+00:00' */;
/*!40014 SET @OLD_UNIQUE_CHECKS=@@UNIQUE_CHECKS, UNIQUE_CHECKS=0 */;
/*!40014 SET @OLD_FOREIGN_KEY_CHECKS=@@FOREIGN_KEY_CHECKS, FOREIGN_KEY_CHECKS=0 */;
/*!40101 SET @OLD_SQL_MODE=@@SQL_MODE, SQL_MODE='NO_AUTO_VALUE_ON_ZERO' */;
/*!40111 SET @OLD_SQL_NOTES=@@SQL_NOTES, SQL_NOTES=0 */;

--
-- Table structure for table `Appointment`
--

DROP TABLE IF EXISTS `Appointment`;
/*!40101 SET @saved_cs_client     = @@character_set_client */;
/*!40101 SET character_set_client = utf8mb4 */;
CREATE TABLE `Appointment` (
  `Appointment_ID` varchar(6) NOT NULL,
  `Patient_ID` varchar(6) NOT NULL,
  `Schedule` datetime NOT NULL,
  `Status` enum('Scheduled','Completed','Cancelled') NOT NULL,
  PRIMARY KEY (`Appointment_ID`),
  UNIQUE KEY `Appointment_ID` (`Appointment_ID`),
  KEY `Patient_ID` (`Patient_ID`),
  CONSTRAINT `Appointment_ibfk_1` FOREIGN KEY (`Patient_ID`) REFERENCES `Patient` (`Patient_ID`)
) ENGINE=InnoDB DEFAULT CHARSET=utf8mb4 COLLATE=utf8mb4_general_ci;
/*!40101 SET character_set_client = @saved_cs_client */;

--
-- Dumping data for table `Appointment`
--

/*!40000 ALTER TABLE `Appointment` DISABLE KEYS */;
INSERT INTO `Appointment` VALUES
('A00001','P00001','2024-06-10 10:39:14','Scheduled'),
('A00002','P00002','2024-06-24 14:35:20','Scheduled'),
('A00003','P00003','2024-10-05 22:10:24','Cancelled'),
('A00004','P00004','2024-10-02 03:29:31','Cancelled'),
('A00005','P00005','2024-12-24 06:55:13','Completed'),
('A00006','P00006','2024-07-13 04:58:35','Completed'),
('A00007','P00007','2025-02-15 04:54:42','Scheduled'),
('A00008','P00008','2024-07-30 12:55:02','Scheduled'),
('A00009','P00009','2025-01-13 22:22:28','Cancelled'),
('A00010','P00010','2024-12-04 23:10:38','Completed'),
('A00011','P00011','2024-06-16 21:33:25','Cancelled'),
('A00012','P00012','2024-05-17 17:20:52','Cancelled'),
('A00013','P00013','2025-04-07 09:33:45','Cancelled'),
('A00014','P00014','2024-05-22 00:36:50','Cancelled'),
('A00015','P00014','2024-10-06 08:33:12','Scheduled'),
('A00016','P00015','2024-10-10 13:52:26','Scheduled'),
('A00017','P00015','2025-03-19 04:29:11','Scheduled'),
('A00018','P00016','2024-08-24 01:04:05','Cancelled'),
('A00019','P00017','2024-07-11 14:47:39','Completed'),
('A00020','P00017','2025-03-29 05:47:38','Completed'),
('A00021','P00018','2024-09-30 20:02:53','Scheduled'),
('A00022','P00019','2024-05-16 08:36:37','Scheduled'),
('A00023','P00019','2025-01-21 12:22:54','Cancelled'),
('A00024','P00020','2024-09-06 23:20:31','Cancelled'),
('A00025','P00021','2025-01-05 20:19:01','Scheduled'),
('A00026','P00021','2024-10-16 05:50:28','Completed'),
('A00027','P00022','2024-11-23 14:57:01','Cancelled'),
('A00028','P00022','2024-07-23 04:50:41','Completed'),
('A00029','P00023','2025-04-29 15:44:50','Cancelled'),
('A00030','P00024','2024-11-21 17:14:19','Scheduled'),
('A00031','P00025','2025-03-17 07:44:54','Scheduled'),
('A00032','P00026','2024-09-21 12:10:09','Cancelled'),
('A00033','P00026','2024-12-23 13:13:16','Completed'),
('A00034','P00027','2024-08-09 16:55:51','Cancelled'),
('A00035','P00028','2025-01-24 07:46:13','Cancelled'),
('A00036','P00028','2024-05-18 16:02:15','Scheduled'),
('A00037','P00029','2024-10-14 09:24:35','Completed'),
('A00038','P00030','2024-11-13 09:24:26','Cancelled'),
('A00039','P00030','2024-11-21 08:03:50','Cancelled'),
('A00040','P00031','2025-01-05 21:54:11','Cancelled'),
('A00041','P00031','2024-05-24 16:00:29','Completed'),
('A00042','P00032','2025-03-27 08:40:53','Cancelled'),
('A00043','P00032','2025-03-23 18:55:16','Completed'),
('A00044','P00033','2024-07-22 19:24:08','Cancelled'),
('A00045','P00034','2024-09-14 12:35:59','Completed'),
('A00046','P00035','2024-10-30 21:46:12','Completed'),
('A00047','P00036','2025-02-12 20:20:56','Cancelled'),
('A00048','P00037','2024-07-16 14:51:23','Scheduled'),
('A00049','P00037','2024-12-12 16:45:16','Scheduled'),
('A00050','P00038','2024-07-21 17:30:39','Completed'),
('A00051','P00038','2024-07-27 14:48:50','Cancelled'),
('A00052','P00039','2024-05-20 00:01:56','Cancelled'),
('A00053','P00039','2024-07-22 19:52:56','Completed'),
('A00054','P00040','2024-06-21 10:19:42','Cancelled'),
('A00055','P00041','2024-08-28 04:36:09','Completed'),
('A00056','P00041','2025-02-24 06:29:22','Cancelled'),
('A00057','P00042','2024-09-08 19:06:47','Cancelled'),
('A00058','P00042','2024-09-11 06:50:28','Scheduled'),
('A00059','P00043','2025-02-14 18:36:11','Cancelled'),
('A00060','P00044','2024-09-01 11:57:14','Cancelled'),
('A00061','P00045','2025-03-10 14:53:09','Scheduled'),
('A00062','P00045','2024-07-01 00:34:02','Scheduled'),
('A00063','P00046','2024-07-15 05:50:21','Cancelled'),
('A00064','P00047','2024-12-15 23:44:24','Completed'),
('A00065','P00047','2025-02-09 23:39:27','Cancelled'),
('A00066','P00048','2024-10-14 08:21:08','Scheduled'),
('A00067','P00048','2024-08-21 05:16:07','Completed'),
('A00068','P00049','2024-05-27 14:34:41','Cancelled'),
('A00069','P00049','2024-10-01 17:26:17','Cancelled'),
('A00070','P00050','2025-03-11 22:33:16','Scheduled'),
('A00071','P00051','2025-03-15 18:55:53','Scheduled'),
('A00072','P00051','2024-06-18 01:30:47','Completed'),
('A00073','P00052','2025-02-24 01:06:18','Completed'),
('A00074','P00053','2024-12-13 01:32:24','Cancelled'),
('A00075','P00053','2025-03-09 23:37:12','Cancelled'),
('A00076','P00054','2025-04-04 03:43:30','Scheduled'),
('A00077','P00055','2025-04-27 14:41:21','Completed'),
('A00078','P00055','2024-11-15 10:17:04','Completed'),
('A00079','P00056','2024-07-08 04:17:03','Scheduled'),
('A00080','P00056','2025-03-09 20:57:10','Completed'),
('A00081','P00057','2024-09-30 17:15:53','Cancelled'),
('A00082','P00058','2025-03-07 03:49:39','Cancelled'),
('A00083','P00059','2024-07-31 08:25:20','Scheduled'),
('A00084','P00060','2024-10-12 09:11:16','Cancelled'),
('A00085','P00060','2025-02-25 23:16:30','Completed'),
('A00086','P00061','2024-10-03 11:57:47','Scheduled'),
('A00087','P00061','2024-06-25 03:23:22','Scheduled'),
('A00088','P00062','2024-12-09 15:56:10','Cancelled'),
('A00089','P00063','2025-01-06 12:36:04','Cancelled'),
('A00090','P00064','2024-10-25 00:26:47','Scheduled'),
('A00091','P00065','2025-04-14 07:42:23','Cancelled'),
('A00092','P00066','2025-01-03 01:40:45','Completed'),
('A00093','P00067','2025-01-28 14:59:45','Cancelled'),
('A00094','P00067','2025-03-18 04:22:58','Scheduled'),
('A00095','P00068','2024-09-23 23:34:21','Completed'),
('A00096','P00069','2025-04-28 00:53:18','Cancelled'),
('A00097','P00069','2024-05-24 00:16:56','Scheduled'),
('A00098','P00070','2025-01-10 23:42:33','Completed'),
('A00099','P00071','2024-12-31 16:47:12','Scheduled'),
('A00100','P00071','2024-11-25 23:02:11','Completed'),
('A00101','P00072','2024-08-02 13:58:02','Cancelled'),
('A00102','P00073','2024-07-28 23:06:16','Scheduled'),
('A00103','P00073','2024-11-21 09:06:29','Scheduled'),
('A00104','P00074','2024-10-08 07:47:53','Scheduled'),
('A00105','P00074','2024-11-10 23:30:55','Scheduled'),
('A00106','P00075','2024-08-01 05:36:02','Scheduled'),
('A00107','P00076','2024-12-14 04:43:16','Cancelled'),
('A00108','P00076','2025-02-13 04:49:02','Completed'),
('A00109','P00077','2024-06-05 12:44:04','Cancelled'),
('A00110','P00077','2024-12-01 23:20:58','Scheduled'),
('A00111','P00078','2024-06-18 06:25:53','Cancelled'),
('A00112','P00078','2024-07-04 16:11:27','Cancelled'),
('A00113','P00079','2025-04-12 18:59:48','Cancelled'),
('A00114','P00079','2024-07-09 07:26:23','Completed'),
('A00115','P00080','2024-08-31 22:44:02','Cancelled'),
('A00116','P00080','2024-05-17 02:04:15','Scheduled'),
('A00117','P00081','2024-09-07 02:03:46','Completed'),
('A00118','P00082','2024-06-19 08:04:10','Scheduled'),
('A00119','P00082','2024-06-26 02:22:35','Scheduled'),
('A00120','P00083','2025-01-01 14:32:23','Completed'),
('A00121','P00084','2025-01-08 18:44:00','Completed'),
('A00122','P00084','2024-11-27 07:16:00','Completed'),
('A00123','P00085','2025-01-01 13:37:40','Completed'),
('A00124','P00086','2025-03-08 17:32:40','Scheduled'),
('A00125','P00087','2024-07-14 22:24:46','Scheduled'),
('A00126','P00087','2024-12-04 09:06:58','Scheduled'),
('A00127','P00088','2024-10-14 17:54:29','Completed'),
('A00128','P00088','2024-08-13 17:24:55','Completed'),
('A00129','P00089','2024-05-11 06:30:31','Completed'),
('A00130','P00090','2025-02-27 10:56:03','Completed'),
('A00131','P00091','2025-03-08 09:44:07','Scheduled'),
('A00132','P00092','2024-09-25 10:52:13','Scheduled'),
('A00133','P00092','2024-06-28 15:03:20','Cancelled'),
('A00134','P00093','2024-05-23 10:08:05','Completed'),
('A00135','P00094','2024-11-22 04:19:35','Completed'),
('A00136','P00094','2024-07-29 02:17:23','Completed'),
('A00137','P00095','2025-02-07 22:33:29','Scheduled'),
('A00138','P00095','2024-10-25 20:49:40','Scheduled'),
('A00139','P00096','2025-01-20 04:56:04','Completed'),
('A00140','P00096','2024-12-30 06:07:27','Completed'),
('A00141','P00097','2024-08-19 00:33:49','Scheduled'),
('A00142','P00097','2025-03-04 21:02:43','Completed'),
('A00143','P00098','2024-10-14 23:55:52','Cancelled'),
('A00144','P00099','2025-04-05 16:48:38','Completed'),
('A00145','P00099','2025-05-04 14:52:10','Scheduled'),
('A00146','P00100','2025-03-02 20:21:55','Completed'),
('A00147','P00100','2024-05-29 10:26:27','Cancelled'),
('A00148','P00101','2025-05-06 10:00:00','Scheduled'),
('A00149','P00102','2025-05-06 10:00:00','Scheduled'),
('A00150','P00103','2025-05-06 10:00:00','Scheduled'),
('A00151','P00104','2025-05-06 10:00:00','Scheduled'),
('A00152','P00105','2025-05-06 10:00:00','Scheduled'),
('A00153','P00106','2025-05-06 10:00:00','Scheduled'),
('A00154','P00107','2025-05-06 10:00:00','Scheduled'),
('A00155','P00108','2025-05-06 10:00:00','Scheduled'),
('A00156','P00109','2025-05-06 10:00:00','Scheduled'),
('A00157','P00110','2025-05-06 10:00:00','Scheduled'),
('A02001','P01001','2025-05-07 10:00:00','Scheduled'),
('A02002','P01002','2025-05-07 11:00:00','Scheduled'),
('A02003','P01003','2025-05-07 12:00:00','Scheduled'),
('A02004','P01004','2025-05-07 13:00:00','Scheduled'),
('A02005','P01005','2025-05-07 14:00:00','Scheduled'),
('A02006','P01006','2025-05-07 15:00:00','Scheduled'),
('A02007','P01007','2025-05-07 16:00:00','Scheduled'),
('A02008','P01008','2025-05-07 17:00:00','Scheduled'),
('A02009','P01009','2025-05-07 18:00:00','Scheduled'),
('A02010','P01010','2025-05-07 19:00:00','Scheduled'),
('APT001','P001','2025-05-07 14:09:10','Scheduled'),
('APT002','P002','2025-05-07 14:09:10','Scheduled');
/*!40000 ALTER TABLE `Appointment` ENABLE KEYS */;

--
-- Table structure for table `Books`
--

DROP TABLE IF EXISTS `Books`;
/*!40101 SET @saved_cs_client     = @@character_set_client */;
/*!40101 SET character_set_client = utf8mb4 */;
CREATE TABLE `Books` (
  `Booking_ID` varchar(6) NOT NULL,
  `Patient_ID` varchar(6) NOT NULL,
  `Appointment_ID` varchar(6) NOT NULL,
  `Booking_Date_Time` datetime NOT NULL,
  PRIMARY KEY (`Booking_ID`),
  KEY `Patient_ID` (`Patient_ID`),
  KEY `Appointment_ID` (`Appointment_ID`),
  CONSTRAINT `Books_ibfk_1` FOREIGN KEY (`Patient_ID`) REFERENCES `Patient` (`Patient_ID`),
  CONSTRAINT `Books_ibfk_2` FOREIGN KEY (`Appointment_ID`) REFERENCES `Appointment` (`Appointment_ID`)
) ENGINE=InnoDB DEFAULT CHARSET=utf8mb4 COLLATE=utf8mb4_general_ci;
/*!40101 SET character_set_client = @saved_cs_client */;

--
-- Dumping data for table `Books`
--

/*!40000 ALTER TABLE `Books` DISABLE KEYS */;
INSERT INTO `Books` VALUES
('B01438','P00093','A00134','2024-09-07 19:06:52'),
('B02057','P00043','A00059','2025-01-26 18:07:47'),
('B02509','P00073','A00103','2025-02-14 10:19:05'),
('B03328','P00087','A00126','2024-09-03 12:40:37'),
('B03950','P00019','A00023','2025-02-20 10:33:30'),
('B04767','P00021','A00026','2024-10-29 10:37:30'),
('B05060','P00065','A00091','2025-03-21 05:05:46'),
('B05451','P00036','A00047','2025-04-13 14:44:32'),
('B05652','P00011','A00011','2024-08-03 22:59:09'),
('B09093','P00069','A00096','2024-09-28 00:16:06'),
('B09391','P00010','A00010','2025-04-16 06:51:30'),
('B10214','P00038','A00051','2024-07-21 00:46:55'),
('B10582','P00082','A00118','2024-06-07 20:41:44'),
('B11879','P00001','A00001','2024-11-11 07:09:57'),
('B17558','P00049','A00068','2025-01-22 22:10:41'),
('B20343','P00067','A00094','2025-05-03 23:37:13'),
('B21354','P00070','A00098','2024-05-27 09:16:46'),
('B23622','P00079','A00114','2024-10-03 14:04:50'),
('B24679','P00042','A00057','2024-08-15 15:39:22'),
('B26580','P00006','A00006','2025-04-09 10:25:52'),
('B31030','P00081','A00117','2024-11-25 14:21:46'),
('B33980','P00034','A00045','2025-05-02 00:56:26'),
('B34206','P00095','A00137','2024-05-28 12:42:14'),
('B34811','P00050','A00070','2025-01-04 09:33:29'),
('B35633','P00077','A00110','2024-10-31 07:20:37'),
('B35976','P00045','A00061','2024-08-29 15:26:32'),
('B43007','P00025','A00031','2024-07-30 22:16:10'),
('B46476','P00062','A00088','2024-05-07 10:57:15'),
('B47320','P00088','A00128','2024-07-14 17:02:42'),
('B50676','P00057','A00081','2024-07-15 03:06:14'),
('B51466','P00008','A00008','2024-07-20 11:33:33'),
('B52179','P00009','A00009','2024-09-24 03:01:57'),
('B52980','P00035','A00046','2025-02-25 00:19:39'),
('B53270','P00072','A00101','2025-01-09 20:47:22'),
('B55935','P00052','A00073','2024-06-06 15:18:38'),
('B57307','P00056','A00080','2024-06-19 03:40:00'),
('B57737','P00064','A00090','2024-08-06 12:11:53'),
('B60119','P00076','A00107','2024-12-01 14:30:11'),
('B66703','P00089','A00129','2024-08-27 16:40:34'),
('B67043','P00039','A00053','2025-04-20 06:15:16'),
('B68380','P00055','A00078','2024-12-01 03:11:09'),
('B69350','P00096','A00140','2024-09-11 01:02:20'),
('B72447','P00100','A00147','2024-12-19 14:29:38'),
('B72738','P00092','A00132','2024-08-26 12:40:49'),
('B73980','P00033','A00044','2024-07-24 03:28:47'),
('B74177','P00023','A00029','2025-04-07 09:36:37'),
('B74916','P00099','A00144','2025-02-04 11:08:18'),
('B76375','P00097','A00141','2024-06-15 14:09:27'),
('B76793','P00080','A00116','2024-08-18 18:19:36'),
('B78075','P00051','A00071','2024-11-21 18:22:02'),
('B79914','P00022','A00028','2024-11-28 14:39:48'),
('B80071','P00058','A00082','2024-05-06 10:52:52'),
('B82289','P00007','A00007','2024-06-25 14:14:46'),
('B82695','P00075','A00106','2024-12-24 04:51:25'),
('B83280','P00017','A00020','2024-09-01 22:04:08'),
('B83306','P00071','A00099','2025-04-06 12:55:24'),
('B83449','P00020','A00024','2024-06-19 06:39:35'),
('B84090','P00013','A00013','2024-06-26 14:03:42'),
('B84988','P00090','A00130','2024-12-09 18:38:56'),
('B85880','P00012','A00012','2024-06-24 15:59:21'),
('B88002','P00041','A00055','2024-09-12 08:27:08'),
('B89163','P00002','A00002','2024-08-14 22:23:39'),
('B91371','P00044','A00060','2024-11-17 14:33:01'),
('B91804','P00068','A00095','2024-05-06 07:19:18'),
('B92447','P00028','A00036','2024-09-30 03:13:31'),
('B93000','P00053','A00074','2025-02-11 00:09:55'),
('B94017','P00098','A00143','2025-03-14 16:46:46'),
('B95658','P00018','A00021','2024-08-13 19:21:13'),
('B99313','P00046','A00063','2024-08-02 14:30:25'),
('B99363','P00047','A00064','2024-05-20 04:17:31');
/*!40000 ALTER TABLE `Books` ENABLE KEYS */;

--
-- Table structure for table `Cancel`
--

DROP TABLE IF EXISTS `Cancel`;
/*!40101 SET @saved_cs_client     = @@character_set_client */;
/*!40101 SET character_set_client = utf8mb4 */;
CREATE TABLE `Cancel` (
  `Patient_ID` varchar(6) NOT NULL,
  `Appointment_ID` varchar(6) NOT NULL,
  `Cancellation_Date_Time` datetime NOT NULL,
  `Reason` varchar(256) NOT NULL,
  PRIMARY KEY (`Patient_ID`,`Appointment_ID`),
  KEY `Appointment_ID` (`Appointment_ID`),
  CONSTRAINT `Cancel_ibfk_1` FOREIGN KEY (`Patient_ID`) REFERENCES `Patient` (`Patient_ID`),
  CONSTRAINT `Cancel_ibfk_2` FOREIGN KEY (`Appointment_ID`) REFERENCES `Appointment` (`Appointment_ID`)
) ENGINE=InnoDB DEFAULT CHARSET=utf8mb4 COLLATE=utf8mb4_general_ci;
/*!40101 SET character_set_client = @saved_cs_client */;

--
-- Dumping data for table `Cancel`
--

/*!40000 ALTER TABLE `Cancel` DISABLE KEYS */;
INSERT INTO `Cancel` VALUES
('P00001','A00001','2025-02-16 10:28:11','Seem really successful eat than kitchen.'),
('P00003','A00003','2024-05-26 12:18:57','Option enough specific support road.'),
('P00006','A00006','2025-04-03 12:02:03','Beat support down wide leader indicate.'),
('P00008','A00008','2024-11-07 20:53:21','Mention several home yard.'),
('P00011','A00011','2025-04-18 01:00:42','Anything notice season probably office another perform view.'),
('P00014','A00015','2024-08-23 20:15:37','Per break skin world eat matter shoulder.'),
('P00016','A00018','2025-03-13 21:47:21','Agency nice probably international fact.'),
('P00017','A00019','2025-03-19 09:10:08','Ball seat vote wish.'),
('P00018','A00021','2024-12-20 12:49:58','Wait TV common once vote wrong market though.'),
('P00024','A00030','2024-07-31 17:53:03','Son time Democrat deal pattern thing stage.'),
('P00025','A00031','2024-11-09 21:18:40','One knowledge resource much practice.'),
('P00041','A00055','2024-06-07 02:03:49','Worker finish now care.'),
('P00043','A00059','2024-08-19 22:16:29','Beat she popular difficult mouth arrive.'),
('P00044','A00060','2024-05-18 12:13:19','Forward against federal hot here.'),
('P00046','A00063','2024-12-21 06:44:09','Without method crime.'),
('P00047','A00065','2025-04-27 18:30:52','Policy open size behind section rather check north.'),
('P00049','A00068','2024-07-17 05:06:42','Section can draw culture all glass loss.'),
('P00055','A00078','2024-10-12 11:55:29','Friend attack guy address chair professor everybody.'),
('P00058','A00082','2024-08-02 08:01:48','Might leg increase task.'),
('P00061','A00086','2025-04-05 19:00:26','There question visit race build decision determine.'),
('P00066','A00092','2025-03-08 09:00:36','North follow few if available sister.'),
('P00067','A00094','2024-05-16 22:22:42','Others throughout attention.'),
('P00070','A00098','2024-09-18 09:02:02','Left car it large rock.'),
('P00072','A00101','2024-07-05 07:46:23','Middle fill far gas career.'),
('P00073','A00103','2024-11-11 22:26:39','Company light data language his few.'),
('P00077','A00109','2024-09-28 23:44:35','Quickly fall third former watch positive.'),
('P00078','A00112','2024-06-24 12:01:17','Class game may television sense.'),
('P00093','A00134','2024-07-20 19:35:19','Talk some third positive certain available car more.'),
('P00095','A00137','2025-04-13 06:55:12','Finish later would challenge notice same.'),
('P00100','A00147','2024-09-08 04:30:27','Arrive year event yet form small force.');
/*!40000 ALTER TABLE `Cancel` ENABLE KEYS */;

--
-- Table structure for table `Patient`
--

DROP TABLE IF EXISTS `Patient`;
/*!40101 SET @saved_cs_client     = @@character_set_client */;
/*!40101 SET character_set_client = utf8mb4 */;
CREATE TABLE `Patient` (
  `Patient_ID` varchar(6) NOT NULL,
  `First_Name` varchar(128) NOT NULL,
  `Middle_Name` varchar(128) NOT NULL,
  `Last_Name` varchar(128) NOT NULL,
  `Gender` varchar(100) NOT NULL,
  `Birth_Date` date NOT NULL,
  `Contact_Number` varchar(15) NOT NULL,
  `Email` varchar(100) NOT NULL,
  `Address` varchar(100) NOT NULL,
  PRIMARY KEY (`Patient_ID`),
  UNIQUE KEY `Patient_ID` (`Patient_ID`)
) ENGINE=InnoDB DEFAULT CHARSET=utf8mb4 COLLATE=utf8mb4_general_ci;
/*!40101 SET character_set_client = @saved_cs_client */;

--
-- Dumping data for table `Patient`
--

/*!40000 ALTER TABLE `Patient` DISABLE KEYS */;
INSERT INTO `Patient` VALUES
('P00001','Megan','Katherine','Fisher','Female','1942-07-16','815.659.3877x84','cortezraymond@garrett.com','4759 William Haven Apt. 194\nWest Corey, TX 43780'),
('P00002','Jessica','Jane','Brown','Female','1952-06-29','484-185-8398','zdavis@yahoo.com','PSC 3328, Box 7115\nAPO AP 64632'),
('P00003','Barbara','Kelly','Lopez','Male','2005-05-04','001-477-515-917','johndennis@gmail.com','1122 Megan Squares Suite 848\nPort Jason, OR 55475'),
('P00004','Jeffrey','Laura','Cook','Female','1914-09-14','(109)032-1730x0','chad14@graham-brown.info','30989 Anthony Roads\nNew Maria, MO 12498'),
('P00005','Candace','Holly','Myers','Female','1993-11-14','564-280-7150x84','chelsea59@hotmail.com','230 Megan Junctions Suite 197\nNorth Thomas, OK 67164'),
('P00006','David','Kyle','Goodman','Female','1934-12-06','001-027-142-787','larry70@yahoo.com','93523 Dana Lane\nJohnsonshire, WI 87296'),
('P00007','Amy','Sylvia','Irwin','Female','1952-03-05','001-217-610-471','joshuasmith@harris.net','66503 Jennifer Alley\nEast Davidborough, ME 37198'),
('P00008','Stacey','Sheena','Browning','Female','1924-02-18','001-900-422-945','parkermelody@jones.biz','765 Jared Radial Suite 022\nMathewstad, CO 44836'),
('P00009','Cory','Regina','Wells','Female','2021-03-19','(016)884-7793x6','ryanhoward@gmail.com','71760 Rogers Spur Apt. 296\nNorth Lindseyborough, IN 08516'),
('P00010','Michelle','Jacqueline','Leach','Male','1944-04-21','+1-729-668-7577','petersonsydney@meyers-johnson.com','76430 Cindy Cove\nSouth Nicholas, FL 14230'),
('P00011','Carrie','Eric','Gray','Male','1989-02-24','9189163489','ybruce@hotmail.com','18013 Billy Bridge Suite 522\nSchmitthaven, NC 66355'),
('P00012','Jesus','Michelle','Smith','Female','1915-09-30','(234)500-7627','lisagomez@carr.info','8945 Trevor Greens\nKendrafurt, MS 08661'),
('P00013','Craig','Kimberly','Smith','Male','1915-06-03','+1-519-426-4183','stanleyclarke@gmail.com','518 Lee Tunnel\nRodriguezton, UT 61736'),
('P00014','Rachel','Bill','Scott','Male','1913-05-05','162-076-6075','gomezdavid@hotmail.com','18868 Dougherty Drive\nSnowchester, CT 54979'),
('P00015','Michael','Gregory','Greer','Female','2012-01-30','203-557-4485x29','eric22@stewart.com','92303 Julie Hill Suite 093\nEast Shawn, MI 93231'),
('P00016','Ivan','Nathan','Alvarado','Male','1985-04-24','758.066.0657','kelly71@hogan.com','1126 Pierce Streets\nNew Robert, MI 11583'),
('P00017','Catherine','Eric','Park','Female','2013-01-18','173.407.9703x41','emccarthy@gregory.net','PSC 2662, Box 3758\nAPO AE 47079'),
('P00018','Richard','Crystal','Smith','Male','1937-12-17','448-518-3216','april98@hotmail.com','46896 Garcia Glen\nJustinborough, CO 05147'),
('P00019','Amanda','Robert','Walters','Male','2002-09-30','001-637-785-707','kellypeter@mathis.com','7592 David Crest Suite 697\nNew Elizabeth, SC 62454'),
('P00020','Stacy','Sandy','Foster','Female','1939-04-23','(256)627-2852x3','yroman@hotmail.com','044 Donald Ports\nJameschester, VT 43780'),
('P00021','Laura','Scott','Harris','Female','1985-04-03','001-697-747-354','diamond21@becker-arellano.biz','31250 Jesse Hills Apt. 845\nEllishaven, SD 72221'),
('P00022','Sandra','Shawn','Morgan','Male','1976-07-09','344.486.4753','sarah10@simpson-kim.biz','5875 Johnson Cape\nWest Christopher, NC 45818'),
('P00023','Steven','David','Miller','Female','1995-09-06','(455)618-4983','dpalmer@hotmail.com','3791 Hansen Village\nWilliamsburgh, NM 29343'),
('P00024','Jose','Jesse','Wilson','Female','1978-01-20','843.318.4535','brandi20@hotmail.com','63340 Trevino Crossing\nBrewerville, OK 47543'),
('P00025','Mark','Brenda','Johnson','Female','1944-08-12','908-957-7403','vlamb@payne-padilla.com','28123 Hudson Square Apt. 323\nGomezshire, SC 65835'),
('P00026','Derrick','Richard','Lee','Male','1928-09-04','+1-250-700-3003','patriciarobinson@yahoo.com','0305 Matthew Mill Apt. 452\nAndreshire, AR 96486'),
('P00027','Michael','Gregory','Murphy','Female','1912-05-02','662-082-9821','maryhoover@gmail.com','Unit 6606 Box 4887\nDPO AE 74521'),
('P00028','Sue','Paula','Newton','Female','1981-07-10','001-600-715-427','linda60@yahoo.com','169 Christine Mount\nNew Carolyn, MA 97234'),
('P00029','Rachel','Andrea','Madden','Female','1948-12-22','+1-388-564-3195','meghan09@cunningham.com','076 Richard Park Apt. 040\nErinshire, WI 38482'),
('P00030','Connie','Marcus','Patton','Male','1967-09-09','864-282-1291','sbaker@gmail.com','29072 Noble Stravenue\nBrowningview, RI 25097'),
('P00031','Kimberly','Lori','Ramirez','Male','1967-06-04','235.703.9342x61','rubiofrank@gmail.com','3620 Kristen Squares Suite 570\nFieldsbury, AK 47978'),
('P00032','Cynthia','Shelby','King','Male','1982-12-03','592.945.0678x20','adam31@hotmail.com','514 Travis Track Suite 366\nRowefurt, AZ 76875'),
('P00033','Thomas','Leonard','Skinner','Female','1936-10-12','629-264-8022x27','wherring@hess.com','USS Edwards\nFPO AE 83806'),
('P00034','Lauren','Mark','Erickson','Male','1925-07-08','+1-278-081-8501','martha85@hotmail.com','78209 Darlene Bypass Suite 137\nPort Stephen, VT 44235'),
('P00035','Derek','Sara','White','Female','1953-04-11','(994)497-6207x4','cole05@thompson.com','306 Holly Underpass Suite 092\nSamanthaland, AR 58265'),
('P00036','Stephen','Angela','Savage','Female','1947-09-01','400.652.8222x23','pwilliams@hotmail.com','86408 Mary Common\nMichaelville, AZ 20721'),
('P00037','Mark','Tammy','Bell','Male','1942-10-11','001-199-226-066','ajones@hopkins.biz','5926 Fernando Prairie Apt. 622\nNorth Madisonhaven, AZ 06688'),
('P00038','Thomas','Jeffrey','Foster','Female','1959-06-20','2606661797','matthewjenkins@sellers.com','144 Daniels Rapids Suite 340\nMichellefurt, CT 70555'),
('P00039','Michael','Courtney','Miranda','Male','2002-01-01','522.195.2069','tjones@hotmail.com','42954 Walters Highway\nJohnsonchester, MS 95905'),
('P00040','Christian','Ronald','Barber','Male','1930-04-22','001-425-858-268','gforbes@hotmail.com','23082 Kelly Road\nJennifermouth, DE 54092'),
('P00041','Dylan','Brandy','Walters','Male','1985-10-13','+1-261-001-5751','oburnett@gmail.com','Unit 8139 Box 9814\nDPO AP 96435'),
('P00042','Andrea','Patricia','Deleon','Male','1931-01-21','906.196.5387x07','marissa78@long.com','28693 Erickson Lodge\nAndrewberg, MS 22958'),
('P00043','Kevin','Chelsea','Rangel','Male','1978-08-13','+1-298-300-6897','allentyler@hill-smith.com','6968 Joseph Forks\nWest Donaldville, TN 07933'),
('P00044','Sara','Christopher','Torres','Female','1977-04-19','355.645.6417x41','juliaspears@yahoo.com','2343 Keller Tunnel Suite 469\nPort Kimberly, MI 66070'),
('P00045','Jeremy','Erin','Hester','Male','1920-06-11','001-061-435-212','stephaniesmith@smith.com','936 Tucker Island Apt. 175\nMacdonaldbury, NE 06874'),
('P00046','Joyce','James','Smith','Male','1928-08-27','(360)940-9555x7','espinozajoshua@hotmail.com','PSC 6182, Box 3366\nAPO AA 00549'),
('P00047','Christine','Donna','Gray','Female','1974-04-18','(198)537-3576x0','pwalker@yahoo.com','68818 Heather Mountains Apt. 877\nSouth Amy, MT 33850'),
('P00048','Thomas','Jeremy','Campbell','Female','1987-01-08','+1-367-326-0583','cynthiawilliamson@hotmail.com','134 Sophia Drives\nBenjaminburgh, NH 51658'),
('P00049','Sarah','Carly','Johnson','Male','1959-05-31','(585)767-5712','waltonstephanie@sampson-zimmerman.com','300 Dennis Mills Apt. 186\nNicolemouth, TX 25685'),
('P00050','Janet','Andrew','Clark','Female','2010-11-14','3909852741','natalie36@yahoo.com','302 Parker Plains Apt. 197\nEast Robertstad, CO 98152'),
('P00051','William','Matthew','Holloway','Female','1954-06-21','(922)016-3044x6','morganandrea@odonnell.com','25997 Stephanie Pine\nGrahamfurt, AK 15783'),
('P00052','Devin','Wendy','Garcia','Male','1920-09-04','(363)975-2458','stevenedwards@hill.com','9181 Todd Pike\nWest Colin, VT 28939'),
('P00053','Donna','Mark','Brennan','Female','2019-05-23','364-000-4155x84','carla66@aguilar-king.com','19041 Jennifer Flats Suite 716\nMartinezshire, MD 23325'),
('P00054','Amanda','Pamela','Erickson','Male','2005-11-10','5861837446','dterry@gmail.com','037 Johnson Common\nCoreyburgh, DC 57867'),
('P00055','Olivia','Alexandria','Harris','Female','2010-10-31','407.306.2686x36','melissapatel@smith.com','28480 Jesse View Suite 238\nPort Bonnie, WA 33000'),
('P00056','Randy','Emily','Rollins','Female','2003-01-07','737-298-4092','michael48@hotmail.com','Unit 6412 Box 9330\nDPO AE 67514'),
('P00057','Jon','Andrew','Roman','Male','2012-04-25','727-455-9669x68','ryanbaker@hicks.net','USNS Franklin\nFPO AA 62567'),
('P00058','Rachel','Kimberly','Hunter','Female','1988-07-25','292.594.0009','suzanne36@rodgers-garrison.com','4647 Kristine Fields Suite 710\nNew Dakota, WY 00638'),
('P00059','Ryan','Darrell','Johnson','Female','1997-04-04','(902)816-4593x0','vlynch@yahoo.com','3635 Laura Parks Apt. 998\nWillisbury, AL 07599'),
('P00060','Christian','Linda','Moore','Male','1920-12-03','644-158-8100','pamelarussell@blackwell-edwards.com','697 Lambert Rest Suite 219\nPort Jacobfort, TX 96048'),
('P00061','Jacqueline','Dawn','Brady','Female','2014-08-31','+1-282-392-1974','jason00@hotmail.com','0096 Ann Squares\nRichardside, WA 58918'),
('P00062','Kimberly','Nancy','Fowler','Male','1984-05-16','475.778.8115','ifrank@yahoo.com','215 Joy Islands\nWest Beth, CO 49393'),
('P00063','Ronald','Charles','Robinson','Male','1983-08-15','853.806.5580x39','richardsonkatie@gmail.com','12206 Elizabeth Pine Suite 945\nMoralesmouth, TN 82072'),
('P00064','Andrew','William','Villegas','Male','1979-01-30','001-520-782-649','ustewart@bradley-grimes.com','2547 Avila Manor\nPort Deborahbury, SD 63076'),
('P00065','Russell','John','James','Male','2022-06-24','329.593.1873x46','megan50@lee.org','89573 Hanson Drive Suite 324\nNew Janet, DE 59076'),
('P00066','Frank','Angela','Miller','Female','2014-06-08','111.809.8591','williamscody@collins.com','5601 Matthew Estate Suite 987\nAmychester, NJ 49649'),
('P00067','Patricia','Sheri','Nielsen','Female','1947-05-09','+1-431-262-3905','roachholly@hotmail.com','4229 Derrick Wells\nWest Tyler, FL 96763'),
('P00068','Latoya','Jill','Smith','Male','1998-01-15','734-315-7458x94','thompsondaniel@hotmail.com','906 Dustin Plain\nNew Lucasbury, HI 60351'),
('P00069','Cody','Melissa','Baldwin','Male','1922-08-16','680-566-8289x20','taylormyers@gmail.com','PSC 7264, Box 8321\nAPO AA 58237'),
('P00070','Amanda','David','Nunez','Male','1957-01-31','829-389-8969','emily79@gmail.com','33319 Russell Village\nNew James, CO 25596'),
('P00071','Michael','Kayla','Harris','Male','1978-06-19','001-419-175-991','douglas52@gmail.com','3830 Joel Mountains\nNew Joshuaport, MA 97233'),
('P00072','Marc','Frances','Jones','Male','1969-06-04','428-397-5292','joyce12@gmail.com','PSC 3348, Box 6660\nAPO AE 58287'),
('P00073','Sabrina','Amanda','Giles','Male','2005-09-26','(231)982-7303x2','garciacody@mcdonald.com','9151 Troy Pike Apt. 091\nUnderwoodshire, UT 74227'),
('P00074','Charles','Maria','Hayes','Female','1996-11-24','(988)259-8634x1','richardsonshannon@yahoo.com','660 Delgado Forest Apt. 923\nSouth Luis, AL 33332'),
('P00075','Seth','Crystal','Wise','Female','1969-06-02','+1-742-035-4106','robert21@howard.info','9983 Mary Grove Apt. 643\nBeardview, MO 17895'),
('P00076','Glenn','Mary','Patterson','Male','1963-10-30','818-502-0155x73','kgreen@yahoo.com','118 Anderson Bridge Suite 736\nSouth Brianport, GA 40002'),
('P00077','Alexis','Adam','Rivera','Male','1978-01-11','001-279-086-011','pperez@hotmail.com','411 Yang Gardens\nLake Franklinburgh, NH 34295'),
('P00078','Anita','Micheal','Coleman','Female','2017-02-21','+1-057-943-0178','antoniogutierrez@yahoo.com','345 Kennedy Walk Suite 454\nEast Natasha, NH 42911'),
('P00079','Stephanie','Scott','Smith','Female','1909-06-07','001-039-467-841','justinbonilla@hotmail.com','2188 Austin Fords\nSouth Andrewfort, WA 45423'),
('P00080','Courtney','Cynthia','Nunez','Female','1914-07-01','360-952-2711x29','lleonard@sanders-collins.net','9947 Torres Viaduct Apt. 506\nBenjaminport, TX 30222'),
('P00081','Erik','Eric','Kemp','Female','1928-04-18','836-160-0150x44','moorebrittney@harrison.org','444 Johnson Viaduct Suite 571\nPort Debraport, NH 83547'),
('P00082','Andrew','Julia','Taylor','Female','1983-09-27','+1-125-682-1808','danielvirginia@rice-nguyen.org','131 Reynolds Crescent\nRobbinsmouth, VA 22528'),
('P00083','Philip','Kristopher','Knight','Male','1957-12-02','202-553-1872x45','michaelross@bernard.net','4585 Alan Divide Suite 322\nPort Tracyfort, DC 36613'),
('P00084','Anthony','Martin','Long','Female','1913-06-07','(043)245-8127x3','lisa04@gmail.com','Unit 6842 Box 4041\nDPO AA 85508'),
('P00085','Lauren','Eric','Jackson','Male','1922-10-13','369.039.7662x26','bryan29@turner.com','83787 Stuart Key\nDavetown, MN 24886'),
('P00086','Wendy','John','Sanders','Female','1973-12-23','600-681-4007x68','upeters@hotmail.com','8677 John Island Suite 446\nSouth Sharonhaven, ID 55797'),
('P00087','Belinda','Linda','Fischer','Female','1919-12-16','475.830.5846x89','dustinpeck@williams.info','6131 Kristina Motorway\nSouth Leslie, UT 20755'),
('P00088','Ashley','Brent','Fuller','Male','1948-12-31','(631)647-6762x6','pachecosteven@yahoo.com','45275 Mark Courts Apt. 449\nHenrytown, WV 62767'),
('P00089','Lauren','Shannon','Sanchez','Male','2006-05-20','(451)165-5450','danielle28@alvarez.com','537 Collin Radial\nDanielburgh, TN 41934'),
('P00090','Alexandra','Jordan','Thornton','Male','1921-01-01','001-134-628-745','patricia22@hotmail.com','7722 Sandra Drive\nPort Richardville, CO 76091'),
('P00091','Jason','Abigail','Valenzuela','Female','1993-12-17','001-761-531-523','kim09@hotmail.com','158 Robles Hollow Suite 025\nSouth Jeremy, CA 16970'),
('P00092','Sabrina','Joseph','Mason','Male','2001-03-29','572.807.2018','kathyrodriguez@solomon-contreras.com','7210 Moreno Pines\nBergmouth, WY 44788'),
('P00093','Brandon','Jerry','Thompson','Male','1954-07-16','925-447-5867','zachary47@hotmail.com','895 Clark Stravenue Apt. 939\nSouth Joannchester, WI 26868'),
('P00094','Richard','Matthew','Powell','Female','1925-02-28','293.148.8292','olsonjohn@gmail.com','PSC 4037, Box 4662\nAPO AE 63064'),
('P00095','Megan','Brian','Johnson','Male','1922-12-17','983-939-9794x12','sandybaker@nguyen.net','192 Anna Rue\nMichaelville, NM 16965'),
('P00096','Karen','Randy','Brown','Female','1973-01-25','847-092-2895','moodylori@yahoo.com','6915 Timothy Park\nJohnton, MA 22654'),
('P00097','Justin','Richard','Johnson','Female','1989-10-05','+1-526-042-9216','vunderwood@holt.com','PSC 1245, Box 4927\nAPO AA 01407'),
('P00098','Gary','Christopher','Allen','Male','1964-07-24','001-708-965-395','jill24@page-dean.com','65459 Ramos Path\nWest Morganchester, IN 99716'),
('P00099','Anthony','Stephanie','Colon','Male','1921-04-09','+1-074-380-7100','abigailandrews@hotmail.com','1193 Jason Summit Suite 891\nPort Paula, PA 77615'),
('P001','John','A','Doe','Male','1990-05-12','09171234567','john.doe@example.com','123 Elm St'),
('P00100','Edward','Meghan','Aguirre','Male','2017-11-24','0960636974','hannahgibson@wong.com','483 Smith Loop Suite 154\nLoriport, FL 46652'),
('P00101','Teresa','Angela','Williams','Male','1952-03-10','3911033235','lmiller@gmail.com','623 Darlene Vista Suite 982\nLake Brent, CT 77307'),
('P00102','Dawn','Paul','Dixon','Female','1944-09-16','001-311-627-987','vhernandez@williams.com','4021 Benton Haven\nSouth Diane, ID 85744'),
('P00103','Mark','David','Harrell','Female','1968-07-25','338.464.7799x63','kylerobinson@hotmail.com','469 Simpson Inlet Apt. 072\nLake Antonioview, DE 82816'),
('P00104','Paige','Amber','Lewis','Male','1990-10-20','998.803.2097','nicole92@hotmail.com','50218 Daniel Causeway\nEast Nicholasport, NV 13927'),
('P00105','Phillip','Leslie','Jackson','Female','1968-03-30','+1-616-631-5930','lovemichael@harris.info','09043 Jordan Mission Suite 349\nMcculloughport, IN 78474'),
('P00106','Monique','Joshua','Ponce','Female','1998-11-09','1205958763','kellyerika@yahoo.com','USCGC Riley\nFPO AP 16893'),
('P00107','Diane','Wendy','Burke','Female','1910-06-08','843.098.4165','jennifer63@yahoo.com','242 Scott Shoal\nWest Ryanchester, AL 65745'),
('P00108','Brian','Cindy','Graves','Male','1939-05-21','555.525.5145','nicole69@yahoo.com','USCGC Rodriguez\nFPO AA 82774'),
('P00109','Chelsea','Jerry','Choi','Female','1980-05-12','351.147.7465','schroederdavid@miller-daniels.com','2400 Michael Shoals\nLake Shannonton, FL 64360'),
('P00110','Victoria','Wendy','Padilla','Male','1988-02-16','832-739-5402','sean94@burton.com','4452 Robinson Highway\nRossmouth, CT 88420'),
('P002','Jane','B','Smith','Female','1988-11-23','09182345678','jane.smith@example.com','456 Oak Ave'),
('P01001','Liam','James','Smith','Male','1990-01-15','09171234567','liam.smith@example.com','123 Elm Street, Springfield'),
('P01002','Emma','Grace','Johnson','Female','1985-05-20','09181234567','emma.johnson@example.com','456 Oak Avenue, Rivertown'),
('P01003','Noah','Alexander','Williams','Male','1992-08-10','09191234567','noah.williams@example.com','789 Maple Blvd, Lakeside'),
('P01004','Olivia','Marie','Brown','Female','1988-03-22','09201234567','olivia.brown@example.com','321 Pine Rd, Hilltown'),
('P01005','Elijah','Joseph','Jones','Male','1995-12-01','09211234567','elijah.jones@example.com','654 Birch Lane, Valleyview'),
('P01006','Ava','Rose','Garcia','Female','1993-07-14','09221234567','ava.garcia@example.com','888 Willow Way, Brookside'),
('P01007','William','Henry','Miller','Male','1991-09-09','09231234567','william.miller@example.com','111 Cedar Dr, Ridgefield'),
('P01008','Sophia','Elizabeth','Davis','Female','1989-06-05','09241234567','sophia.davis@example.com','222 Redwood Ct, Greendale'),
('P01009','James','Daniel','Rodriguez','Male','1994-10-17','09251234567','james.rodriguez@example.com','333 Spruce Ave, Woodbridge'),
('P01010','Isabella','Faith','Martinez','Female','1996-02-28','09261234567','isabella.martinez@example.com','444 Fir St, Lakewood');
/*!40000 ALTER TABLE `Patient` ENABLE KEYS */;

--
-- Table structure for table `Pays`
--

DROP TABLE IF EXISTS `Pays`;
/*!40101 SET @saved_cs_client     = @@character_set_client */;
/*!40101 SET character_set_client = utf8mb4 */;
CREATE TABLE `Pays` (
  `Payment_ID` varchar(7) NOT NULL,
  `Patient_ID` varchar(6) NOT NULL,
  `Appointment_ID` varchar(6) NOT NULL,
  `Amount_Paid` decimal(10,4) NOT NULL,
  `Payment_Method` enum('Cash','Card','GCash') NOT NULL,
  `Payment_Status` enum('Paid','Unpaid') NOT NULL,
  PRIMARY KEY (`Payment_ID`),
  KEY `Patient_ID` (`Patient_ID`),
  KEY `Appointment_ID` (`Appointment_ID`),
  CONSTRAINT `Pays_ibfk_1` FOREIGN KEY (`Patient_ID`) REFERENCES `Patient` (`Patient_ID`),
  CONSTRAINT `Pays_ibfk_2` FOREIGN KEY (`Appointment_ID`) REFERENCES `Appointment` (`Appointment_ID`)
) ENGINE=InnoDB DEFAULT CHARSET=utf8mb4 COLLATE=utf8mb4_general_ci;
/*!40101 SET character_set_client = @saved_cs_client */;

--
-- Dumping data for table `Pays`
--

/*!40000 ALTER TABLE `Pays` DISABLE KEYS */;
INSERT INTO `Pays` VALUES
('PY00645','P00001','A00001',762.6667,'GCash','Paid'),
('PY01176','P00003','A00003',670.4119,'GCash','Unpaid'),
('PY03380','P00023','A00029',1018.8617,'Cash','Unpaid'),
('PY03513','P00011','A00011',956.1315,'GCash','Unpaid'),
('PY04093','P00092','A00132',602.1063,'Card','Unpaid'),
('PY04722','P00021','A00025',161.0102,'Card','Unpaid'),
('PY05005','P00052','A00073',199.5656,'Cash','Paid'),
('PY05728','P00070','A00098',158.4970,'GCash','Paid'),
('PY06374','P00024','A00030',754.1518,'Cash','Unpaid'),
('PY08978','P00040','A00054',652.0175,'GCash','Unpaid'),
('PY10159','P00015','A00016',470.0039,'Card','Paid'),
('PY12045','P00030','A00038',645.3544,'Card','Paid'),
('PY13535','P00006','A00006',900.5840,'Card','Paid'),
('PY13739','P00007','A00007',898.8549,'GCash','Unpaid'),
('PY14175','P00019','A00023',859.7733,'Card','Unpaid'),
('PY15269','P00039','A00052',1012.5809,'GCash','Paid'),
('PY16325','P00032','A00043',684.4467,'Card','Unpaid'),
('PY17013','P00002','A00002',578.1464,'GCash','Unpaid'),
('PY17585','P00013','A00013',288.7639,'GCash','Unpaid'),
('PY22231','P00069','A00096',507.5206,'Card','Paid'),
('PY23701','P00025','A00031',987.0713,'Card','Paid'),
('PY26125','P00086','A00124',929.5075,'Card','Unpaid'),
('PY27193','P00081','A00117',322.6951,'Cash','Paid'),
('PY29496','P00059','A00083',1112.1542,'Cash','Unpaid'),
('PY29979','P00073','A00103',1118.8684,'GCash','Paid'),
('PY31679','P00026','A00032',387.9828,'Card','Unpaid'),
('PY33769','P00004','A00004',335.7427,'GCash','Unpaid'),
('PY34533','P00009','A00009',360.3167,'Card','Paid'),
('PY34804','P00022','A00027',656.4065,'Cash','Unpaid'),
('PY36213','P00064','A00090',192.3193,'Card','Unpaid'),
('PY39644','P00057','A00081',1044.7882,'Cash','Unpaid'),
('PY43848','P00041','A00056',394.7503,'Card','Paid'),
('PY44889','P00020','A00024',809.3750,'Card','Paid'),
('PY45091','P00091','A00131',1129.5256,'GCash','Paid'),
('PY45420','P00037','A00049',559.7783,'Card','Unpaid'),
('PY46790','P00090','A00130',1094.8512,'GCash','Unpaid'),
('PY47116','P00096','A00139',1002.4564,'Cash','Paid'),
('PY47714','P00084','A00121',685.7651,'GCash','Unpaid'),
('PY49823','P00083','A00120',816.1442,'Card','Unpaid'),
('PY49960','P00058','A00082',1053.7683,'Cash','Paid'),
('PY49971','P00051','A00071',1174.8691,'Cash','Unpaid'),
('PY50061','P00033','A00044',648.4192,'Cash','Unpaid'),
('PY50377','P00066','A00092',793.0373,'Cash','Unpaid'),
('PY53255','P00075','A00106',1003.5892,'GCash','Paid'),
('PY56563','P00042','A00057',1090.4895,'Cash','Unpaid'),
('PY56613','P00076','A00108',441.2824,'Card','Unpaid'),
('PY57434','P00050','A00070',893.5381,'Card','Unpaid'),
('PY60925','P00099','A00145',689.2113,'GCash','Paid'),
('PY61955','P00016','A00018',428.5723,'Cash','Unpaid'),
('PY61993','P00062','A00088',737.5231,'Card','Paid'),
('PY62879','P00047','A00064',1098.7788,'Cash','Unpaid'),
('PY65445','P00048','A00067',390.1318,'GCash','Unpaid'),
('PY65570','P00055','A00078',1062.0830,'Cash','Unpaid'),
('PY65828','P00027','A00034',476.7658,'Cash','Unpaid'),
('PY66587','P00063','A00089',675.3886,'GCash','Paid'),
('PY70055','P00061','A00086',1071.5214,'Cash','Paid'),
('PY70377','P00045','A00061',335.9921,'Cash','Paid'),
('PY71086','P00098','A00143',172.8135,'GCash','Unpaid'),
('PY71423','P00046','A00063',912.5204,'Cash','Paid'),
('PY73175','P00060','A00085',884.7768,'GCash','Unpaid'),
('PY74049','P00080','A00116',206.3355,'Card','Paid'),
('PY74455','P00089','A00129',1109.3792,'Card','Paid'),
('PY75128','P00029','A00037',1174.6648,'Card','Paid'),
('PY76203','P00071','A00100',222.4686,'Card','Unpaid'),
('PY76391','P00077','A00109',514.4222,'Card','Unpaid'),
('PY76874','P00031','A00040',736.6610,'Cash','Paid'),
('PY76997','P00094','A00135',290.9805,'Card','Paid'),
('PY78091','P00049','A00068',826.5151,'GCash','Paid'),
('PY81266','P00068','A00095',256.8961,'GCash','Unpaid'),
('PY81372','P00093','A00134',960.7170,'Cash','Unpaid'),
('PY82393','P00034','A00045',525.5024,'Card','Paid'),
('PY83985','P00078','A00112',291.0974,'GCash','Paid'),
('PY84135','P00043','A00059',896.3083,'GCash','Paid'),
('PY88289','P00079','A00113',976.1916,'Cash','Unpaid'),
('PY89421','P00067','A00093',581.0743,'Card','Paid'),
('PY89679','P00005','A00005',274.4014,'Card','Unpaid'),
('PY90249','P00044','A00060',918.5156,'Cash','Unpaid'),
('PY96967','P00082','A00119',930.9680,'Card','Paid'),
('PY97133','P00072','A00101',639.3950,'Cash','Unpaid'),
('PY99855','P00100','A00147',678.7410,'Card','Unpaid');
/*!40000 ALTER TABLE `Pays` ENABLE KEYS */;

--
-- Table structure for table `Treatment`
--

DROP TABLE IF EXISTS `Treatment`;
/*!40101 SET @saved_cs_client     = @@character_set_client */;
/*!40101 SET character_set_client = utf8mb4 */;
CREATE TABLE `Treatment` (
  `Appointment_ID` varchar(6) NOT NULL,
  `Treatment_ID` int(11) NOT NULL,
  `Diagnosis` varchar(256) NOT NULL,
  `Cost` decimal(10,4) NOT NULL,
  `Treatment_Procedure` varchar(128) NOT NULL,
  `Treatment_Date_Time` datetime NOT NULL,
  `Treatment_Status` enum('Completed','In-Progress','Waiting','Canceled') DEFAULT NULL,
  PRIMARY KEY (`Appointment_ID`,`Treatment_ID`),
  CONSTRAINT `Treatment_ibfk_1` FOREIGN KEY (`Appointment_ID`) REFERENCES `Appointment` (`Appointment_ID`)
) ENGINE=InnoDB DEFAULT CHARSET=utf8mb4 COLLATE=utf8mb4_general_ci;
/*!40101 SET character_set_client = @saved_cs_client */;

--
-- Dumping data for table `Treatment`
--

/*!40000 ALTER TABLE `Treatment` DISABLE KEYS */;
INSERT INTO `Treatment` VALUES
('A00001',1,'Operation cover program reason.',904.9598,'Executive','2024-11-13 05:57:24','In-Progress'),
('A00001',2,'Story around enter blue expect.',664.0678,'Whom','2024-09-15 09:34:18','Canceled'),
('A00001',3,'Drop store could her.',825.5066,'Nor','2024-08-11 19:02:21','Completed'),
('A00002',1,'Wife get hospital theory.',826.9953,'Relationship','2024-05-23 03:05:01','In-Progress'),
('A00003',1,'Its body source cut feel beat.',298.9528,'Book','2024-11-16 08:58:01','Canceled'),
('A00003',2,'Purpose good challenge business rule.',107.0659,'Success','2025-02-17 05:05:10','Canceled'),
('A00003',3,'Community tonight east trouble.',600.8271,'Win','2024-12-01 11:13:35','Waiting'),
('A00004',1,'Ready back song group environmental foreign.',928.1374,'Visit','2024-06-15 06:15:53','In-Progress'),
('A00004',2,'Less physical media.',480.7343,'At','2025-05-03 20:31:54','Waiting'),
('A00005',1,'Husband lot start find cell.',989.6132,'Answer','2024-10-12 15:12:24','Waiting'),
('A00006',1,'Less concern several.',799.3901,'Trouble','2024-10-06 02:49:54','Canceled'),
('A00006',2,'Factor blue walk water.',272.7505,'Find','2024-12-02 07:46:29','Completed'),
('A00006',3,'Not identify score.',157.4722,'Need','2024-09-25 23:24:42','Completed'),
('A00007',1,'Thought early president board.',506.4506,'But','2024-11-30 00:50:06','In-Progress'),
('A00007',2,'Certainly group member it chance our.',207.0193,'Up','2024-07-17 17:32:22','Canceled'),
('A00007',3,'Consider probably against change message.',330.8317,'Police','2025-04-17 09:12:31','Completed'),
('A00008',1,'Bill seat no type.',661.0736,'Simply','2025-01-26 12:39:07','Completed'),
('A00009',1,'Mission recently value expert thing bed.',512.5672,'Analysis','2025-01-07 07:46:13','Waiting'),
('A00010',1,'Else represent detail open future.',844.2879,'Several','2025-03-06 03:05:17','Completed'),
('A00010',2,'Sound late camera.',989.8209,'Remain','2024-06-12 18:12:01','Canceled'),
('A00010',3,'Various exactly several effect adult.',233.5618,'Significant','2024-09-07 22:08:17','Canceled'),
('A00011',1,'Spring room with travel.',711.9365,'Serious','2024-09-28 20:33:45','Canceled'),
('A00011',2,'Admit who ok final.',711.3865,'Student','2024-12-26 06:23:56','Waiting'),
('A00011',3,'Nation this fire.',850.1801,'Leader','2024-06-30 19:49:43','Canceled'),
('A00012',1,'Strong anything trial.',703.0613,'Film','2024-07-21 15:34:32','In-Progress'),
('A00012',2,'Drug north shake property fish.',588.5282,'Property','2025-01-31 11:58:03','In-Progress'),
('A00012',3,'Expert assume every walk degree rise laugh.',108.7342,'Coach','2025-04-07 04:25:15','Waiting'),
('A00013',1,'Coach yard treat.',131.9214,'Best','2024-09-26 18:20:54','In-Progress'),
('A00013',2,'Property ten many.',887.0349,'Forget','2024-12-11 21:06:31','In-Progress'),
('A00014',1,'Say movie world show market.',624.6534,'With','2024-12-31 15:45:27','Canceled'),
('A00014',2,'Still simply during scientist white better.',159.7232,'Born','2024-05-22 06:35:29','Completed'),
('A00015',1,'Nice operation risk past law last.',882.0058,'Address','2025-02-15 23:33:51','Completed'),
('A00015',2,'Several model think five miss camera.',159.7192,'Firm','2024-12-07 06:25:14','In-Progress'),
('A00015',3,'Pull organization serious leader.',136.5688,'Our','2024-08-10 05:13:24','Completed'),
('A00016',1,'Enough production scene start of.',397.5349,'Especially','2025-01-31 11:52:03','In-Progress'),
('A00016',2,'Environment land trouble staff follow baby.',820.5809,'Least','2025-04-07 11:24:54','Canceled'),
('A00017',1,'Sea speak subject yet forget.',554.4997,'Per','2024-06-16 02:23:47','Completed'),
('A00017',2,'Cultural pull above us adult see.',616.4852,'Break','2024-11-22 20:37:54','Completed'),
('A00018',1,'Matter door tax.',483.7300,'Myself','2024-08-31 04:33:35','In-Progress'),
('A00018',2,'Customer season owner traditional.',360.6977,'Food','2024-09-11 16:27:50','Canceled'),
('A00018',3,'Serve office owner.',843.1270,'Plant','2025-03-02 21:32:19','Canceled'),
('A00019',1,'Blood really child lead.',646.6869,'Teach','2024-09-18 13:20:48','In-Progress'),
('A00019',2,'Person rate security develop.',866.1849,'Cover','2024-12-06 04:47:45','Completed'),
('A00020',1,'Letter little bar reach common.',896.7295,'Area','2025-03-03 08:13:07','In-Progress'),
('A00020',2,'Growth television growth himself.',372.1978,'Growth','2024-07-12 17:28:28','Waiting'),
('A00020',3,'Third and mean five.',399.4172,'Expect','2025-02-24 11:02:11','Canceled'),
('A00021',1,'Phone avoid stand stop space store.',948.6523,'Consumer','2024-09-22 12:33:14','Waiting'),
('A00021',2,'Far enough ability citizen girl do.',795.2321,'Two','2025-01-10 00:14:34','Canceled'),
('A00022',1,'Herself society position.',156.0329,'Place','2025-03-26 14:20:29','In-Progress'),
('A00022',2,'Foot question learn.',315.0565,'Enough','2024-07-27 13:20:21','Waiting'),
('A00023',1,'Let receive scene no.',947.6759,'Everything','2024-06-15 19:17:25','Canceled'),
('A00024',1,'Around election modern.',226.8144,'Stage','2025-03-23 04:39:17','Completed'),
('A00024',2,'Expect attention loss full free another.',706.1894,'Nature','2024-08-06 14:32:39','In-Progress'),
('A00025',1,'Model adult stand five modern.',470.0262,'Unit','2024-07-23 23:08:44','Canceled'),
('A00025',2,'No air run.',448.0147,'Form','2024-07-03 06:42:38','Completed'),
('A00026',1,'Occur music item land.',523.8003,'Consider','2024-05-21 01:02:45','In-Progress'),
('A00027',1,'Well far summer game ever.',129.2189,'Include','2024-05-08 06:28:51','In-Progress'),
('A00028',1,'Teach short water.',391.5202,'Century','2024-12-24 14:36:20','Waiting'),
('A00028',2,'Thus close among move class.',275.4763,'Particularly','2024-07-05 07:28:03','Canceled'),
('A00028',3,'Cause natural imagine.',199.8972,'After','2024-09-26 13:06:10','Completed'),
('A00029',1,'General nor administration open.',730.7357,'Action','2024-09-25 21:34:50','Waiting'),
('A00029',2,'Garden worry put he ask.',685.4250,'Cup','2024-09-23 07:15:53','Waiting'),
('A00029',3,'Edge change structure control career state.',809.7098,'Step','2025-04-29 22:58:41','In-Progress'),
('A00030',1,'Five old personal.',819.4071,'Big','2024-12-31 13:18:19','Completed'),
('A00030',2,'Group life land house.',567.1066,'Herself','2024-06-12 23:19:52','In-Progress'),
('A00031',1,'Change talk conference language ball.',803.9027,'Style','2024-09-28 07:45:38','Canceled'),
('A00032',1,'Thank goal chance whom.',780.9546,'Decision','2024-07-06 09:25:40','Canceled'),
('A00032',2,'Least organization probably only each ability.',420.8984,'Century','2024-05-18 02:56:16','Completed'),
('A00033',1,'Important truth speak behind appear.',911.7348,'Important','2024-08-26 12:50:15','Completed'),
('A00034',1,'Ready issue that party identify wall.',329.8477,'Thought','2024-11-13 21:05:25','Completed'),
('A00034',2,'Interesting idea if finally cold store.',950.3049,'Campaign','2024-11-17 20:52:06','In-Progress'),
('A00035',1,'Last offer hope responsibility eight west.',184.1286,'Lot','2025-03-08 10:24:00','Canceled'),
('A00036',1,'Look give sense fine street.',374.7804,'Military','2025-01-31 07:49:58','Completed'),
('A00036',2,'Even health television.',231.1214,'Price','2024-10-20 18:32:03','Canceled'),
('A00036',3,'Travel determine someone hit.',930.5925,'Trade','2024-08-12 14:15:10','Completed'),
('A00037',1,'Soon current by write north product.',156.6305,'Single','2024-11-08 17:09:24','Canceled'),
('A00037',2,'Throughout statement like responsibility career.',796.4369,'Size','2024-12-24 20:58:56','Completed'),
('A00038',1,'Price interest finally central whatever.',487.9777,'Ever','2024-10-07 09:27:46','Canceled'),
('A00038',2,'Drop success space water realize market.',127.1208,'Year','2024-10-30 05:38:39','Waiting'),
('A00039',1,'Say story improve.',327.3273,'New','2024-08-27 17:27:48','Waiting'),
('A00039',2,'Billion establish character decide candidate.',163.2965,'Hand','2024-07-26 08:48:39','Waiting'),
('A00039',3,'Or city bit your education expert.',722.5976,'Cultural','2024-05-29 20:47:18','Waiting'),
('A00040',1,'Of structure blue end.',260.1169,'Sell','2024-12-23 12:28:49','In-Progress'),
('A00040',2,'Modern end blue never newspaper argue.',837.1060,'Growth','2025-02-13 02:34:26','Completed'),
('A00041',1,'Parent some three onto director.',904.0916,'Large','2024-10-16 23:28:52','In-Progress'),
('A00041',2,'Or their that.',102.9089,'Offer','2024-09-16 16:15:39','Completed'),
('A00041',3,'American call statement.',773.1791,'Talk','2024-05-17 02:09:45','Waiting'),
('A00042',1,'Special might wish street space.',720.5198,'Inside','2024-12-01 11:59:30','In-Progress'),
('A00042',2,'Bit network deep.',873.2580,'Quality','2024-12-07 15:52:03','In-Progress'),
('A00043',1,'Certain theory bar allow great.',201.1519,'Up','2024-10-13 00:54:44','Waiting'),
('A00043',2,'Reason break debate bed value sense.',736.7324,'Certain','2024-08-20 07:03:37','Waiting'),
('A00044',1,'Under same commercial tree.',125.1426,'If','2024-10-22 04:12:41','In-Progress'),
('A00045',1,'Tax activity mission industry.',401.5118,'Store','2024-07-28 17:10:45','Waiting'),
('A00045',2,'Big send guy thing tell young.',366.7120,'Mr','2024-08-04 19:34:32','Waiting'),
('A00046',1,'Often not not produce enter political.',633.7175,'Station','2024-05-20 16:28:24','Completed'),
('A00047',1,'Foreign boy executive.',579.9051,'Billion','2024-08-07 13:23:53','Waiting'),
('A00048',1,'Smile assume hot chance.',438.9300,'Garden','2024-08-01 12:29:06','In-Progress'),
('A00049',1,'Draw always now.',823.9513,'Manage','2024-11-07 05:54:57','Waiting'),
('A00050',1,'Necessary interesting easy perhaps best company.',318.5548,'Find','2024-06-14 18:18:00','In-Progress'),
('A00050',2,'Late walk live skill course.',361.9536,'Local','2025-01-20 23:45:30','Canceled'),
('A00050',3,'Owner strategy identify involve.',696.8760,'In','2024-07-10 01:27:16','In-Progress'),
('A00051',1,'Right must body.',118.4947,'Easy','2024-12-28 11:44:01','Completed'),
('A00051',2,'Radio not account land why.',731.9526,'Very','2024-07-27 08:55:07','In-Progress'),
('A00051',3,'Different often agency spring interview.',478.2085,'Side','2025-02-22 03:10:02','Canceled'),
('A00052',1,'Occur person social.',933.7568,'So','2024-05-24 21:10:59','Canceled'),
('A00052',2,'Imagine perhaps laugh.',368.2253,'Quickly','2024-05-16 08:14:49','Waiting'),
('A00052',3,'High inside somebody analysis fund artist.',176.1001,'Ready','2025-03-14 12:43:19','Canceled'),
('A00053',1,'Per second add.',432.3304,'Professor','2024-11-26 07:54:43','Completed'),
('A00053',2,'Better of music defense ok still beyond.',438.7886,'Course','2024-06-22 08:45:31','Completed'),
('A00053',3,'Never discuss truth.',475.5029,'White','2024-08-15 02:04:16','Waiting'),
('A00054',1,'Daughter miss maintain avoid direction.',283.5912,'Indeed','2025-01-29 12:43:25','Waiting'),
('A00054',2,'At direction share budget its.',957.1068,'Remember','2024-11-12 18:43:35','Completed'),
('A00055',1,'Eight speech near need recently.',816.8653,'In','2024-07-05 09:46:34','Waiting'),
('A00056',1,'Score speak answer fill on program.',602.3634,'Pick','2025-02-18 09:47:24','In-Progress'),
('A00057',1,'Forward policy mouth success federal.',501.5479,'Nor','2024-11-16 22:32:18','Canceled'),
('A00057',2,'Future stay rich dream.',266.8426,'Much','2024-10-21 19:50:21','Canceled'),
('A00057',3,'Factor herself sea worker.',488.5448,'Then','2024-07-25 19:13:20','In-Progress'),
('A00058',1,'Field crime drug.',406.3491,'Yes','2024-11-29 12:02:12','In-Progress'),
('A00058',2,'Firm industry let summer.',419.8307,'Face','2024-11-25 03:57:55','Completed'),
('A00059',1,'Hotel at week key benefit.',779.5316,'Compare','2025-01-09 05:06:44','Waiting'),
('A00059',2,'Space specific enter.',101.6588,'In','2024-10-05 18:50:27','Canceled'),
('A00060',1,'Agent clear art international.',515.8098,'Want','2024-10-18 23:00:59','In-Progress'),
('A00060',2,'American under product occur add.',368.7041,'Before','2024-05-19 21:43:55','Waiting'),
('A00060',3,'Which worry door.',590.6873,'We','2025-04-04 21:37:45','In-Progress'),
('A00061',1,'Interesting measure value two east.',735.6646,'Bad','2024-08-18 18:28:12','Canceled'),
('A00061',2,'Per east actually.',183.2977,'Series','2024-05-16 21:59:01','Canceled'),
('A00062',1,'Everybody rock after level pattern.',589.3667,'Spend','2025-01-14 09:56:31','Canceled'),
('A00063',1,'Although president across human.',668.8590,'Benefit','2025-04-06 11:45:26','Completed'),
('A00063',2,'Ago question left meeting else.',208.7484,'Huge','2024-05-29 02:23:39','Completed'),
('A00064',1,'Teacher where close democratic body.',330.9182,'Occur','2024-11-22 10:19:15','Canceled'),
('A00065',1,'Model pick Republican.',191.8286,'Simple','2025-03-31 13:34:28','Waiting'),
('A00065',2,'Type focus discuss our five purpose.',418.4398,'Family','2025-04-19 10:00:06','In-Progress'),
('A00066',1,'Thought whatever over.',176.7333,'Thing','2025-03-13 17:22:23','Completed'),
('A00066',2,'Blue since long economic.',813.0128,'Well','2024-07-12 11:05:19','Waiting'),
('A00066',3,'Require computer civil.',580.2748,'So','2025-02-07 01:04:11','Completed'),
('A00067',1,'Feel wear official area.',873.5079,'Agent','2024-12-14 09:56:29','In-Progress'),
('A00067',2,'Speech lawyer west particularly everything.',161.2837,'Give','2024-09-28 13:15:11','Waiting'),
('A00067',3,'At kid box.',354.4731,'Significant','2024-06-12 23:07:44','In-Progress'),
('A00068',1,'Clearly increase much.',570.7540,'Shake','2024-09-19 20:39:50','In-Progress'),
('A00068',2,'Government medical science mind through as prevent.',578.2382,'Recently','2025-05-03 03:24:45','Canceled'),
('A00068',3,'Office represent least.',960.0894,'Back','2025-02-20 07:39:22','Canceled'),
('A00069',1,'Reveal structure chair.',800.6952,'Simple','2024-07-16 20:11:23','Waiting'),
('A00069',2,'Test when general everything center.',363.0288,'Protect','2024-12-12 04:54:12','Waiting'),
('A00069',3,'National finish song country program.',611.4096,'Religious','2025-01-17 03:19:09','In-Progress'),
('A00070',1,'Street know rich.',210.9684,'Movement','2024-10-11 17:38:22','Completed'),
('A00071',1,'Network alone culture.',461.0949,'Federal','2024-12-08 00:06:29','Canceled'),
('A00071',2,'Enter message reason expect.',225.5798,'Catch','2024-05-20 10:22:20','Waiting'),
('A00072',1,'Person strategy large about.',668.9003,'Later','2024-10-22 14:26:18','Canceled'),
('A00072',2,'Reality action coach billion industry themselves.',296.2090,'Exist','2025-02-28 20:37:16','Canceled'),
('A00073',1,'Matter not rich foreign professor.',551.4104,'Increase','2025-04-10 20:53:03','Canceled'),
('A00073',2,'Everything writer mean series nothing.',686.8490,'Out','2024-05-20 07:39:34','Completed'),
('A00073',3,'Six day claim contain discuss bad.',499.5836,'Each','2024-10-06 21:33:46','In-Progress'),
('A00074',1,'Institution seek certainly explain space.',545.9708,'Foot','2025-01-15 20:07:08','In-Progress'),
('A00074',2,'Note fear him.',122.9921,'Position','2025-01-22 19:01:32','Canceled'),
('A00074',3,'Become leader difference ok some.',451.8694,'Help','2025-01-17 00:52:52','Completed'),
('A00075',1,'Tax financial scientist sign attention.',981.0159,'Religious','2024-12-26 05:16:09','Completed'),
('A00075',2,'The manager major newspaper rock.',717.6669,'Natural','2024-11-05 18:04:37','Canceled'),
('A00075',3,'Child above lawyer teacher.',105.7811,'Produce','2025-04-12 02:24:59','Completed'),
('A00076',1,'Well condition not who future.',658.7891,'President','2024-07-20 01:17:28','Waiting'),
('A00077',1,'Quality information citizen without Mrs such.',729.7172,'Least','2025-05-02 03:03:17','In-Progress'),
('A00077',2,'Ability wide attention fact level never.',226.6118,'Would','2024-11-08 11:47:55','Waiting'),
('A00077',3,'Attorney final sell wonder leg kind.',272.0839,'Check','2025-03-04 09:28:11','Canceled'),
('A00078',1,'Thousand ask possible decide career professor.',744.7112,'Feeling','2025-01-15 20:24:33','Canceled'),
('A00078',2,'Concern above next.',251.4299,'Show','2025-02-28 03:37:26','Canceled'),
('A00079',1,'Wear southern lot consider stay throughout.',907.4809,'Learn','2024-09-19 19:58:32','Canceled'),
('A00079',2,'Join reduce allow eat.',233.2174,'Speech','2025-01-14 07:51:45','In-Progress'),
('A00079',3,'Another heart others.',571.7457,'But','2024-08-17 23:48:58','In-Progress'),
('A00080',1,'Community paper attack.',919.3532,'Enter','2024-07-01 16:11:40','Canceled'),
('A00081',1,'Seven woman throughout describe political.',810.4040,'Whatever','2024-12-01 16:23:45','Canceled'),
('A00081',2,'Article last forward.',484.5612,'Race','2024-06-03 01:23:24','Canceled'),
('A00082',1,'Themselves other today.',756.8048,'Public','2024-08-02 20:00:00','In-Progress'),
('A00082',2,'Should enough act end value.',495.3448,'One','2024-07-03 08:11:27','In-Progress'),
('A00083',1,'Have five mission.',738.9973,'Reality','2024-07-23 01:32:54','Canceled'),
('A00083',2,'Question theory per deep method federal.',129.9513,'End','2024-07-06 11:14:53','Completed'),
('A00083',3,'Government big increase interest.',883.9084,'Environmental','2024-11-27 22:17:17','Waiting'),
('A00084',1,'Book whatever building.',768.8465,'Wide','2024-07-17 12:25:47','In-Progress'),
('A00085',1,'Impact next not.',649.7019,'Word','2025-01-17 05:03:47','Completed'),
('A00086',1,'With visit door admit visit against.',881.9592,'Study','2025-03-23 10:44:30','Waiting'),
('A00086',2,'Born same wall wife before.',794.2875,'Establish','2024-11-03 08:55:13','Waiting'),
('A00086',3,'Window blood doctor.',470.2891,'Experience','2025-04-21 07:48:40','Completed'),
('A00087',1,'Over role score throw name have.',727.1245,'Wife','2025-03-08 07:46:56','Canceled'),
('A00087',2,'Truth approach impact walk.',622.8641,'Successful','2024-09-23 20:26:56','Canceled'),
('A00087',3,'Test according majority determine.',329.2770,'Bag','2024-10-17 21:02:42','Canceled'),
('A00088',1,'Move authority compare peace style.',403.4748,'Behavior','2024-08-25 09:01:05','Completed'),
('A00089',1,'Seven her personal Democrat or cut.',147.2980,'Manage','2024-11-18 09:22:12','Waiting'),
('A00090',1,'Trial whose thus.',360.8287,'Have','2025-04-08 03:31:40','Completed'),
('A00091',1,'Finish responsibility recent own tonight some.',157.3211,'Tax','2025-04-19 10:16:13','Canceled'),
('A00092',1,'Sell positive blood home hear.',299.9499,'Cause','2025-04-01 14:09:25','Canceled'),
('A00092',2,'Very well religious those report.',601.9917,'Rule','2025-01-21 03:00:42','In-Progress'),
('A00092',3,'Society attention heavy debate.',508.3338,'Data','2024-05-25 00:56:42','Waiting'),
('A00093',1,'Space what practice town billion.',192.1050,'Point','2024-12-05 04:30:53','Completed'),
('A00093',2,'Another check group indeed feel should.',815.3111,'Fund','2024-10-19 04:43:15','Waiting'),
('A00093',3,'Yard quality production cause.',582.3110,'Now','2025-01-05 16:43:20','Waiting'),
('A00094',1,'First air thousand certain group.',125.9462,'Red','2024-07-24 04:07:10','Completed'),
('A00094',2,'Republican face past.',271.1186,'Between','2025-02-01 08:33:18','Completed'),
('A00095',1,'Their window them particularly admit.',882.9531,'Maybe','2024-05-31 14:48:00','Waiting'),
('A00096',1,'Away debate positive somebody.',853.5618,'Piece','2024-07-21 23:53:15','Waiting'),
('A00097',1,'He father evidence question fund.',756.1234,'Artist','2024-09-16 22:56:50','Waiting'),
('A00097',2,'Improve run its near.',381.0089,'Room','2024-07-01 13:46:13','Canceled'),
('A00097',3,'Little Mr population add age.',329.1753,'Make','2024-11-10 22:40:35','Waiting'),
('A00098',1,'Week money purpose.',315.9658,'Will','2024-09-30 05:52:05','Waiting'),
('A00098',2,'Important sure offer.',940.7651,'Who','2024-09-01 03:49:12','Completed'),
('A00098',3,'Hit thank most of up organization.',108.2876,'Maintain','2024-07-14 08:44:25','Canceled'),
('A00099',1,'Course measure and meeting thing.',494.3787,'Important','2024-08-18 05:31:19','Canceled'),
('A00099',2,'Full particular present between color.',981.0040,'Remember','2025-01-14 09:37:08','Canceled'),
('A00099',3,'Language they environment.',496.0977,'Down','2025-02-26 12:24:30','Completed'),
('A00100',1,'All upon say.',317.0300,'Idea','2024-11-10 20:26:10','In-Progress'),
('A00101',1,'Paper age physical current.',895.8276,'Our','2025-03-04 13:49:59','In-Progress'),
('A00101',2,'There reality size move red.',496.5758,'Leave','2025-04-09 06:40:41','Completed'),
('A00102',1,'Trouble you eight describe pattern hard.',603.1101,'Industry','2024-07-03 02:50:32','Canceled'),
('A00102',2,'Space majority bit instead smile.',135.4165,'Hit','2025-04-19 22:28:04','In-Progress'),
('A00103',1,'Green wife in end decade.',541.0121,'Lot','2024-09-25 15:46:27','In-Progress'),
('A00104',1,'Begin actually team industry.',941.0148,'Peace','2024-10-18 05:49:09','Waiting'),
('A00104',2,'Various picture rule poor.',995.2022,'Kind','2024-09-06 17:39:24','Completed'),
('A00105',1,'Admit play avoid.',909.6631,'Five','2025-05-02 23:36:49','In-Progress'),
('A00105',2,'Day dog receive.',739.9612,'Leader','2025-01-08 18:11:58','Canceled'),
('A00105',3,'Fall spring choose power management.',562.6319,'Society','2024-06-26 04:07:36','Canceled'),
('A00106',1,'Political at film kitchen environment method.',670.9207,'Of','2024-06-29 15:47:03','Waiting'),
('A00106',2,'Summer rather future career similar idea remain.',308.6091,'Hard','2024-10-28 06:28:25','Completed'),
('A00106',3,'Surface concern law enough information which.',653.3845,'Leave','2024-11-12 15:25:46','Completed'),
('A00107',1,'Garden social man.',759.5965,'Process','2024-05-25 03:57:06','In-Progress'),
('A00108',1,'Manager political keep attack behavior.',356.1013,'Smile','2025-04-04 18:33:32','Completed'),
('A00109',1,'Exist these perhaps such those position.',581.9717,'Brother','2024-09-17 17:34:46','Canceled'),
('A00109',2,'Wind include allow must point.',873.1862,'Health','2025-03-02 20:59:59','Completed'),
('A00109',3,'Week like mean.',446.2251,'Large','2024-07-30 18:12:23','Waiting'),
('A00110',1,'Wide method movie.',974.0345,'Point','2024-12-01 04:36:38','Waiting'),
('A00111',1,'Rate measure brother approach.',707.3939,'From','2024-09-15 02:17:21','Waiting'),
('A00112',1,'Later role change.',765.8826,'Per','2024-05-13 04:38:51','In-Progress'),
('A00113',1,'Prepare son particular economy evening same.',566.3380,'Whole','2025-01-22 22:15:47','Waiting'),
('A00114',1,'Family east within walk.',435.8772,'Sister','2024-08-08 09:54:49','Canceled'),
('A00115',1,'Year establish generation TV.',623.8544,'Sense','2024-09-09 17:29:19','In-Progress'),
('A00115',2,'As his seven.',828.7739,'Them','2024-12-30 12:01:44','Waiting'),
('A00116',1,'Decade high clear ready past trade.',626.8879,'Beyond','2025-02-28 02:30:47','Completed'),
('A00116',2,'Despite approach beautiful late.',830.7961,'Forget','2024-11-13 08:43:41','Canceled'),
('A00117',1,'Every quality he under body.',978.1809,'Produce','2024-09-09 03:56:27','Completed'),
('A00118',1,'Hard movement similar certainly little.',788.5366,'Top','2024-12-19 20:27:08','Canceled'),
('A00119',1,'Money something move race special.',790.5285,'Bag','2024-07-04 17:05:19','In-Progress'),
('A00119',2,'Election reality population.',311.7843,'Real','2024-11-18 11:17:48','In-Progress'),
('A00119',3,'Rock next week scientist recognize.',834.5566,'Street','2024-11-17 12:59:36','Canceled'),
('A00120',1,'Risk agent dark sound again professor.',647.6492,'Perform','2024-12-06 16:45:05','In-Progress'),
('A00120',2,'During with team front mother possible.',666.0904,'Minute','2024-11-01 12:43:51','Completed'),
('A00121',1,'Piece time on expert.',850.5404,'Now','2024-11-04 06:22:45','Waiting'),
('A00121',2,'Better those ability serve least.',540.2792,'Night','2024-08-20 11:53:18','Waiting'),
('A00121',3,'Artist later someone.',111.3719,'Minute','2025-01-15 11:46:21','In-Progress'),
('A00122',1,'Pm charge or put.',687.4871,'Woman','2024-11-16 17:02:25','Canceled'),
('A00122',2,'Least building military seem.',828.3130,'Late','2024-09-18 22:48:45','Canceled'),
('A00122',3,'Type structure so magazine.',591.4260,'Pm','2024-12-16 18:20:30','Completed'),
('A00123',1,'Thousand whose own or white air.',223.6998,'Nothing','2024-11-08 06:28:02','Canceled'),
('A00123',2,'Probably public soon.',733.0770,'Serve','2024-08-30 06:15:13','Waiting'),
('A00124',1,'Pass he training.',445.6831,'Pay','2025-02-26 15:19:58','Completed'),
('A00124',2,'Social production consider state.',287.7971,'Door','2024-09-30 07:26:37','Waiting'),
('A00125',1,'Phone success Mrs add type.',772.3649,'Our','2025-04-13 07:11:00','In-Progress'),
('A00125',2,'Daughter indicate scientist offer issue.',408.8488,'Mean','2024-07-19 03:21:05','Canceled'),
('A00125',3,'Lose since amount suggest.',701.5894,'Collection','2024-06-15 16:42:15','In-Progress'),
('A00126',1,'Mind race born building.',409.7545,'Later','2024-07-18 13:11:35','In-Progress'),
('A00126',2,'Toward claim civil inside friend service.',374.4122,'Republican','2024-10-30 15:45:26','Waiting'),
('A00127',1,'Book current black.',585.5620,'Or','2025-02-09 06:30:37','In-Progress'),
('A00127',2,'Peace act very.',418.0776,'Environmental','2025-05-05 01:22:19','Canceled'),
('A00127',3,'Oil tree certainly would family.',665.0470,'Own','2024-12-11 09:39:31','Completed'),
('A00128',1,'Development everything candidate rule manager forget.',140.4669,'Why','2025-01-20 05:31:41','In-Progress'),
('A00129',1,'Draw seat true listen.',394.0011,'As','2024-12-20 22:56:31','Completed'),
('A00129',2,'Participant affect better answer.',410.4357,'Along','2024-07-03 06:29:11','Canceled'),
('A00129',3,'Treatment figure program after.',222.2657,'Listen','2024-09-30 04:28:11','In-Progress'),
('A00130',1,'Program debate ready avoid government.',491.6919,'Late','2024-09-11 19:43:26','Waiting'),
('A00130',2,'Summer price summer or like crime.',380.7566,'True','2024-10-26 23:14:25','Waiting'),
('A00131',1,'Account early use strategy seem first.',988.1162,'Set','2024-11-18 19:37:06','Canceled'),
('A00131',2,'Send water happen debate.',444.4015,'Would','2024-07-18 11:14:08','Canceled'),
('A00131',3,'Adult represent any despite government.',901.8315,'Seven','2024-06-16 09:19:01','Canceled'),
('A00132',1,'Hot physical sound just learn then.',608.2556,'Per','2024-06-11 12:45:13','Completed'),
('A00133',1,'Nature realize southern street contain relate.',958.5580,'Sell','2025-02-21 10:19:46','In-Progress'),
('A00133',2,'Town wide card board during.',102.7991,'When','2025-01-09 09:23:00','In-Progress'),
('A00134',1,'Finally site tend staff.',881.9681,'Off','2024-11-16 00:39:18','In-Progress'),
('A00134',2,'Religious base service stand.',171.6827,'Mouth','2024-08-10 14:50:38','In-Progress'),
('A00134',3,'Capital culture their perhaps.',856.1229,'Board','2025-04-06 22:57:50','In-Progress'),
('A00135',1,'Interest concern important son participant.',951.3623,'White','2024-12-22 03:58:50','In-Progress'),
('A00136',1,'Recent type rest.',808.9133,'Off','2024-07-22 05:55:05','In-Progress'),
('A00136',2,'Unit difficult matter police.',746.0135,'Apply','2025-03-03 02:52:50','Canceled'),
('A00136',3,'Wind radio less must cut.',934.8845,'Though','2024-07-08 12:12:22','Completed'),
('A00137',1,'Foot yard make.',665.6786,'Baby','2024-12-08 09:43:13','In-Progress'),
('A00137',2,'Shoulder war film Mr different admit.',653.4434,'Business','2025-02-01 12:22:29','Completed'),
('A00137',3,'Land operation walk according.',327.2256,'Position','2024-09-19 11:00:53','Canceled'),
('A00138',1,'Program address agent life.',663.1878,'Whom','2024-05-24 09:44:47','Completed'),
('A00139',1,'Beat yourself find.',180.6574,'Back','2025-04-29 19:21:43','Waiting'),
('A00139',2,'Start wonder space.',704.4809,'Poor','2024-05-19 13:17:02','Canceled'),
('A00140',1,'Walk four stop part agency stock window.',556.6942,'Similar','2024-11-11 10:57:09','In-Progress'),
('A00141',1,'Face partner draw go focus.',777.6804,'Kind','2024-07-19 00:41:20','Waiting'),
('A00141',2,'Apply ahead thought side name.',342.8558,'Through','2024-08-30 05:25:07','Canceled'),
('A00141',3,'Other activity I.',949.9787,'Even','2024-08-10 09:41:59','Completed'),
('A00142',1,'Always concern laugh.',577.3078,'Physical','2024-07-03 00:41:28','Waiting'),
('A00142',2,'Stuff rock foreign pressure.',595.4036,'More','2025-01-31 16:38:01','Completed'),
('A00143',1,'Mention detail enough.',613.4494,'Through','2024-09-25 05:13:54','Waiting'),
('A00143',2,'Fear thus north do film modern.',940.6809,'Final','2024-08-20 12:47:06','Completed'),
('A00143',3,'Magazine record indicate wish compare.',510.3259,'Than','2025-01-24 18:03:06','Completed'),
('A00144',1,'Ever he war modern.',411.9300,'Race','2024-10-24 09:31:14','Completed'),
('A00144',2,'Type improve simple know garden say.',118.6154,'Positive','2024-11-07 15:27:44','Completed'),
('A00145',1,'Unit send strategy against.',712.6528,'World','2024-06-02 20:02:58','Waiting'),
('A00145',2,'Value institution wait maybe.',995.4464,'Benefit','2024-11-09 14:18:10','In-Progress'),
('A00146',1,'Result level wind finally.',564.6349,'Reality','2024-12-05 17:02:47','Canceled'),
('A00146',2,'He listen professor difficult player last.',980.6091,'Effect','2024-08-11 05:30:58','Waiting'),
('A00146',3,'Dinner alone body front indicate central.',288.0728,'Identify','2024-10-30 14:37:57','Waiting'),
('A00147',1,'Increase discuss health.',627.5313,'Themselves','2025-01-16 14:15:10','Waiting'),
('APT001',1,'Cavity',1200.0000,'Tooth Extraction','2025-05-07 14:09:25','In-Progress'),
('APT002',1,'Routine Checkup',500.0000,'Cleaning','2025-05-07 14:09:25','Waiting');
/*!40000 ALTER TABLE `Treatment` ENABLE KEYS */;

--
-- Dumping routines for database 'denticadb'
--
/*!40103 SET TIME_ZONE=@OLD_TIME_ZONE */;

/*!40101 SET SQL_MODE=@OLD_SQL_MODE */;
/*!40014 SET FOREIGN_KEY_CHECKS=@OLD_FOREIGN_KEY_CHECKS */;
/*!40014 SET UNIQUE_CHECKS=@OLD_UNIQUE_CHECKS */;
/*!40101 SET CHARACTER_SET_CLIENT=@OLD_CHARACTER_SET_CLIENT */;
/*!40101 SET CHARACTER_SET_RESULTS=@OLD_CHARACTER_SET_RESULTS */;
/*!40101 SET COLLATION_CONNECTION=@OLD_COLLATION_CONNECTION */;
/*!40111 SET SQL_NOTES=@OLD_SQL_NOTES */;

-- Dump completed on 2025-05-07 16:10:52
